财务经理/税务主管/CPA总监,广东达方律师事务所,12500,广州-越秀区,民营公司,,3-4年经验 本科 招2人,少于50人
会计培训老师（CPA、ACCA、中级会计等方向）,北京中公教育科技有限公司,12500,广州-天河区,民营公司,五险一金 专业培训 绩效奖金 年终奖金 定期体检 带薪年假,无需经验 本科 招若干人,10000人以上
注册会计师（CPA）,天健会计师事务所（特殊普通合伙）广东分所,17500,广州-黄埔区,民营公司,,3-4年经验 本科 招15人,150-500人
CPA教研员,深圳市升学文化传播有限公司,10500,广州,民营公司,五险一金 绩效奖金 全勤奖 节日福利 带薪年假 专业培训,2年经验 大专 招2人,1000-5000人
上市公司审计CPA项目经理,信加信（广东）会计师事务所（普通合伙）,17500,广州-天河区,创业公司,,5-7年经验 本科 招2人,少于50人
CPA/初级会计 ***讲师,上海泽稷教育培训有限公司,12500,异地招聘,民营公司,五险一金 定期体检 专业培训,2年经验 硕士 招若干人,150-500人
店长/储备店长（万胜围）,去K书全国连锁专业自习中心,10000,广州-海珠区,民营公司,五险一金 绩效奖金 节日福利 专业培训 加班补贴,2年经验 大专 招2人,50-150人
投行质量控制岗,广发证券股份有限公司,25000,异地招聘,上市公司,绩效奖金 带薪年假 公司规模大 管理规范 五险一金 上市公司,3-4年经验 硕士 招若干人,10000人以上
财务咨询顾问,护道者网络科技有限公司,9000,广州-白云区,民营公司,员工旅游 餐饮补贴 年终奖金 单双休 专业培训 法定节假日 下午茶,3-4年经验 本科 招1人,少于50人
APP网络推广（ASO\SEO）,广州枫车电子商务有限公司,9500,广州-白云区,民营公司,五险一金 餐饮补贴 弹性工作 定期体检 员工旅游 绩效奖金 年终奖金 通讯补贴,2年经验 本科 招若干人,150-500人
财务主管,凡菲（浙江）电子商务有限公司,9000,广州-番禺区,民营公司,,5-7年经验 大专 招1人,150-500人
成本副经理,广州酒家集团利口福食品有限公司,12500,广州,国企,五险一金 包吃 免费班车 节日福利 提供住宿,5-7年经验 本科 招1人,1000-5000人
英语翻译（中高级）,广州金十信息科技有限公司,12000,广州,民营公司,五险一金 餐饮补贴 定期体检 专业培训,1年经验 硕士 招若干人,150-500人
风控总监/风控负责人,深圳南乔基金管理有限公司,27500,广州-天河区,合资,五险一金 股票期权 餐饮补贴 通讯补贴 绩效奖金 交通补贴 岗位晋升 管理规范,8-9年经验 硕士 招1人,50-150人
高端保险经纪人,明亚保险经纪股份有限公司广东分公司,17500,广州-天河区,民营公司,,2年经验 本科 招10人,1000-5000人
审计员,广东智华会计师事务所（普通合伙）,4500,广州-天河区,民营公司,五险一金 员工旅游 通讯补贴 绩效奖金 年终奖金,3-4年经验 本科 招若干人,50-150人
财务经营分析经理,深圳市香蕉数字科技有限公司,25000,广州-天河区,民营公司,全勤奖 绩效奖金 员工旅游 加班补助 专业培训 五险一金 年终奖金 工龄奖 节日福利,5-7年经验 本科 招1人,50-150人
财务经理Finance Manager (Finance Department Head),麦琪管理咨询（广州）有限公司,39583,广州-增城区,民营公司,五险一金 绩效奖金,10年以上经验 本科 招1人,500-1000人
投资分析员,珠海钧誉资产管理有限公司,8000,广州-天河区,民营公司,,在校生/应届生 本科 招2人,少于50人
注册会计师,广州中韬华益税务师事务所有限公司,9000,广州-黄埔区,民营公司,做五休二 周末双休 带薪年假 绩效奖金 节日福利 专业培训,2年经验 本科 招2人,50-150人
TMT研究员,广州市圆石投资管理有限公司,20000,广州-天河区,民营公司,,2年经验 本科 招若干人,少于50人
审计专员,广东云山仓储服务有限公司,7000,广州-白云区,民营公司,绩效奖金 工作餐 优秀员工激励 年资工资 员工活动,3-4年经验 大专 招2人,150-500人
税务销售顾问（广州）,谷川联行有限公司,12500,广州-天河区,民营公司,五险一金 通讯补贴 专业培训 绩效奖金 年终奖金 定期体检,1年经验 大专 招若干人,150-500人
中级会计师,随地游（广州）文化旅游有限公司,5833,广州-从化区,民营公司,绩效奖金 员工旅游 节日福利 通讯补贴 五险一金 弹性工作 专业培训 年终奖金 补充医疗保险,3-4年经验 本科 招2人,50-150人
审计专员,广州迪森家居环境技术有限公司,6750,广州-黄埔区,民营公司,五险一金 补充医疗保险 员工旅游 通讯补贴 绩效奖金 年终奖金 定期体检 包吃 提供住宿,3-4年经验 本科 招1人,500-1000人
游戏广告投放,广州迈趣科技有限公司,11500,广州-天河区,民营公司,五险一金 弹性工作 年终奖金 包吃 定期团建 带薪年假 节日福利 专业培训,1年经验 大专 招2人,50-150人
注册会计师/税务师（项目合作）,广州睿驰明雅管理咨询有限公司,37500,广州-越秀区,民营公司,项目合作 成为合伙人 年薪百万 不用坐班,10年以上经验 本科 招若干人,50-150人
财务经理,固生堂中医连锁集团,16500,广州,民营公司,五险一金 员工旅游 年终奖金 专业培训 定期体检 部门团建福利 节日礼品礼金 发展空间大,5-7年经验 本科 招1人,1000-5000人
投研部助理（21年毕业）,广州昭时投资合伙企业（有限合伙）,13333,广州-天河区,民营公司,五险一金 补充医疗保险 餐饮补贴 通讯补贴 专业培训 绩效奖金 年终奖金 定期体检,在校生/应届生 硕士 招若干人,少于50人
财务运营分析,新华三技术有限公司,12500,广州-黄埔区,合资,,3-4年经验 本科 招1人,10000人以上
税务主管,广州阿道夫个人护理用品有限公司,12500,广州-白云区,民营公司,五险一金 员工旅游 绩效奖金 专业培训 下午茶 餐饮补贴 节日福利 全勤奖 年终奖金 定期体检,3-4年经验 大专 招1人,500-1000人
财务总监,广州元通电子商务科技有限公司,30000,广州,民营公司,五险一金 定期体检 餐饮补贴 年终奖金 专业培训 周末双休 节日福利,5-7年经验 本科 招1人,少于50人
投顾讲师（国企）,广东广播电视台越声理财公司,9000,广州-天河区,国企,员工旅游 各种福利 五险一金,1年经验 本科 招3人,150-500人
财务管培生,广西太古可口可乐饮料有限公司,5250,广州,合资,,在校生/应届生 本科 招5人,
推广运营,广州赛美优品生物科技有限公司,12500,广州-白云区,民营公司,,3-4年经验 大专 招1人,少于50人
高端保险规划师/经纪人,明亚保险经纪股份有限公司广东分公司,22500,广州-天河区,民营公司,五险一金 弹性工作 周末双休 绩效奖金 节日福利 专业培训,8-9年经验 本科 招29人,5000-10000人
资料财务经理,广州市罄羽投资有限公司,13500,广州-天河区,民营公司,带薪年假 完善晋升制度 五险一金 周末双休 免费零食 十三薪 生日派对 定期体检 弹性工作,8-9年经验 本科 招若干人,150-500人
财务总监,广州速道信息科技有限公司,30000,广州-海珠区,民营公司,餐饮补贴 五险一金 带薪年假 周末双休 发展空间大,8-9年经验 本科 招1人,1000-5000人
网络推广/信息流优化师（头条+二类电商）,广州鸿运来茶业有限公司,9000,广州-天河区,民营公司,包吃 全勤奖 绩效奖金 节日福利 五险一金 带薪年假 加班补贴,2年经验 大专 招2人,50-150人
财务会计,广州市诺飞云网络科技有限公司,10000,广州-天河区,民营公司,,1年经验 大专 招1人,50-150人
Tax Specialist-Senior (APAC),联邦快递（中国）有限公司,13500,广州-天河区,外资（欧美）,五险一金 补充医疗保险 专业培训 出国机会 年终奖金 绩效奖金 弹性工作 定期体检,5-7年经验 本科 招1人,5000-10000人
财务副总监,广东道一信息技术股份有限公司,27500,广州-天河区,民营公司,五险一金 员工旅游 年终奖金 绩效奖金 专业培训 餐饮补贴 定期体检,5-7年经验 本科 招1人,1000-5000人
财务经理（双休）,广州洛克韦陀安防科技有限公司,17500,广州-天河区,民营公司,,8-9年经验 大专 招1人,50-150人
财务副总经理,韵洪传播科技（广州）有限公司,21000,广州-越秀区,国企,五险一金,5-7年经验 本科 招1人,150-500人
副总经理,和合期货,17500,广州-天河区,民营公司,五险一金 员工旅游 专业培训 出国机会 绩效奖金 弹性工作 年终奖金,5-7年经验 大专 招2人,150-500人
国际学校双语财务主管,珠海横琴博实乐管理咨询有限公司,10000,广州-增城区,上市公司,五险一金 定期体检 通讯补贴 餐饮补贴 节假日福利 住房补贴,5-7年经验 本科 招1人,10000人以上
财务经理,德高信控股集团有限公司,21666,广州-越秀区,民营公司,五险一金 专业培训 通讯补贴 定期体检 年终奖金 正装补贴 晋升空间大 企业文化好 带薪年假 绩效奖金,8-9年经验 本科 招1人,150-500人
审计助理,天职国际会计师事务所（特殊普通合伙）,5250,广州-天河区,民营公司,五险一金 通讯补贴 专业培训 绩效奖金 员工旅游,在校生/应届生 本科 招5人,500-1000人
财务经理,广州美年大健康医疗技术有限公司,12500,广州-天河区,上市公司,五险一金 餐饮补贴 年终奖金 定期体检 带薪年假 周末双休,8-9年经验 本科 招1人,500-1000人
集团内控经理,广东全优加教育发展有限公司,16500,广州-天河区,民营公司,餐饮补贴 专业培训 绩效奖金 年终奖金 补充医疗保险 五险一金 周末双休,5-7年经验 本科 招1人,1000-5000人
财务副经理,广州广电运通金融电子股份有限公司,14583,广州,上市公司,五险一金 餐饮补贴 定期体检 免费班车 补充医疗保险 年终奖金,8-9年经验 本科 招若干人,10000人以上
成本会计（总部）,广州金逸影视传媒股份有限公司,5250,广州,上市公司,五险一金 免费观影 周末双休 包午餐,1年经验 本科 招1人,5000-10000人
财务主管,广州海伦堡物业管理有限公司,9500,广州-番禺区,民营公司,五险一金 免费班车 交通补贴 餐饮补贴 绩效奖金 弹性工作 包住 带薪年假,2年经验 本科 招1人,1000-5000人
财务总监,广东求学圆梦网络科技有限公司,30000,广州-越秀区,民营公司,交通补贴 餐饮补贴 五险一金 年终奖金 周末双休 带薪年假,10年以上经验 本科 招1人,150-500人
财务经理,广州畅想互动网络科技有限公司,17500,广州-番禺区,民营公司,弹性工作 带薪年假 五险一金 全勤奖 绩效奖金 餐饮补贴,3-4年经验 本科 招若干人,少于50人
财务经理,珠江惠仁医疗健康投资有限公司从化医养服务分公司,17500,广州-从化区,民营公司,五险一金 交通补贴 餐饮补贴 通讯补贴 绩效奖金 定期体检 员工旅游,8-9年经验 本科 招1人,150-500人
财务分析主管/经理,鸿利智汇集团股份有限公司,11500,广州,上市公司,五险一金 补充医疗保险 员工旅游 专业培训 绩效奖金 年终奖金 包吃三餐 上市公司 双休不加班 国企控股,5-7年经验 本科 招1人,5000-10000人
财务总监,中达安股份有限公司,13500,广州-越秀区,上市公司,五险一金 员工旅游 餐饮补贴 定期体检 周末双休,5-7年经验 本科 招若干人,1000-5000人
内控检查专员/经理,立邦投资有限公司,12500,广州-黄埔区,外资（非欧美）,五险一金 补充医疗保险 员工旅游 交通补贴 餐饮补贴 通讯补贴 专业培训 年终奖金 定期体检,3-4年经验 本科 招2人,5000-10000人
财务分析员,侨银环保科技股份有限公司,10000,广州-天河区,民营公司,绩效奖金 定期体检 节假日福利 员工旅游 五险,5-7年经验 本科 招1人,10000人以上
税务经理,广东江南大地建设有限公司,12500,广州-海珠区,合资,交通补贴 餐饮补贴 通讯补贴 年终奖金 五险 包中餐,5-7年经验 本科 招1人,150-500人
高级财务经理（财务总监）,课外喵教育科技（广州）有限公司,20000,广州-越秀区,民营公司,五险一金 专业培训 周末双休 带薪寒暑假 弹性工作 不定期团建,3-4年经验 本科 招1人,500-1000人
资深会计,广州市燕语食品有限公司,7000,广州-天河区,民营公司,定期体检 带薪年假 节日福利 生日聚餐 专业培训 弹性工作 员工旅游 补充医疗保险,5-7年经验 本科 招1人,150-500人
高级客户经理,万联证券股份有限公司广州寺右新马路证券营业部,7000,广州-越秀区,国企,,1年经验 大专 招5人,1000-5000人
总账会计,粤佳气体,7000,广州-增城区,民营公司,包住宿 节日福利 包吃 高温补贴 带薪年假 专业培训 加班补贴 员工旅游 定期体检 年终奖金,3-4年经验 本科 招1人,150-500人
医药研究员,广州启元信息技术有限责任公司,33333,广州-黄埔区,民营公司,,在校生/应届生 硕士 招5人,少于50人
财务总监（广州）,广州金穗隆信息科技股份有限公司,20833,广州-天河区,上市公司,绩效奖金 年终奖金 定期体检 专业培训 社团活动 节日福利 晋升空间 国内外旅游 亲情薪金 六险一金,5-7年经验 本科 招1人,150-500人
高级财务主管,广州凡拓数字创意科技股份有限公司,13000,广州-天河区,上市公司,五险一金 弹性工作 专业培训 免费班车 定期体检 员工旅游,5-7年经验 本科 招1人,500-1000人
财务总监/财务经理,广东省国际工程咨询有限公司,20000,广州,国企,五险一金 交通补贴 餐饮补贴 通讯补贴 专业培训 定期体检,5-7年经验 本科 招1人,500-1000人
主办会计,广州弘亚数控机械股份有限公司,11000,广州-黄埔区,上市公司,五险一金 全勤奖 专业培训 节日福利 业绩奖金 伙食补助 年终奖,3-4年经验 本科 招1人,500-1000人
广告销售（朝九晚六 周末双休）,广州爱米信息科技有限公司,11000,广州-天河区,民营公司,五险一金 员工旅游 绩效奖金 年终奖金 弹性工作 带薪年假 节日福利 周末双休,1年经验 大专 招3人,少于50人
区域商业财务伙伴/Regional Finance BP (MJ000072),四川水井坊股份有限公司,20000,广州-天河区,上市公司,,5-7年经验 本科 招1人,1000-5000人
财富总监（广州、从化、增城、东莞、萝岗等地）,广州弘森投资控股有限公司,31000,广州-天河区,民营公司,五险一金 年终奖金 周末双休,3-4年经验 大专 招6人,50-150人
财务经理,中山市博顿光电科技有限公司,10416,异地招聘,民营公司,年终奖金 绩效奖金 五险一金 定期体检 员工旅游,5-7年经验 本科 招1人,50-150人
游戏投放专员,广州勇往科技有限公司,8000,广州-天河区,民营公司,五险一金 餐饮补贴 周末双休 员工旅游 股票期权 节日福利 包吃 专业培训 带薪年假 定期体检,2年经验 大专 招2人,50-150人
咨询师（财经类方向）,广州众学教育咨询有限公司,14000,广州-天河区,民营公司,补充医疗保险 免费班车 员工旅游 交通补贴 专业培训 通讯补贴 弹性工作 绩效奖金 年终奖金,1年经验 大专 招6人,50-150人
财务资金审计经理,播恩生物技术股份有限公司,15000,广州-番禺区,民营公司,五险一金 通讯补贴 餐饮补贴 定期体检 专业培训 绩效奖金 员工旅游 交通补贴 项目奖金,5-7年经验 本科 招1人,1000-5000人
会计专员,广州星唯信息科技有限公司,6000,广州,民营公司,五险一金 带薪年假 员工活动 绩效奖金 年终奖金,1年经验 本科 招若干人,50-150人
财务经理 (英语流利),广州市恺德仕贸易有限公司,27500,广州,外资（欧美）,五险一金 补充医疗保险 通讯补贴 周末双休 绩效奖金,5-7年经验 大专 招1人,50-150人
财务经理（急招）,广州佰业丰食品有限公司,12500,广州-海珠区,民营公司,,5-7年经验 本科 招1人,
财务经理（五险一金+周末双休）,广东旭普空间信息技术产业发展有限公司,12500,广州-天河区,民营公司,五险一金 餐饮补贴 弹性工作 年终奖金 绩效奖金 员工旅游 节日福利 周末双休 带薪年假,10年以上经验 本科 招1人,50-150人
税务会计/税务主管,华茂达投资股份有限公司,8000,广州-荔湾区,民营公司,五险一金 餐饮补贴 季度调薪 年终奖金 周末双休,3-4年经验 本科 招2人,1000-5000人
证券事务代表,广州市斯洛柯高分子聚合物有限公司,10000,广州-黄埔区,民营公司,五险一金 商业险 年终双薪 提成奖 季度奖 年终业绩奖 工龄工资 提供早午餐 年假与法定假 展会交流学习,1年经验 本科 招1人,50-150人
财务总监,深圳市朗坤环境集团股份有限公司,25000,广州-白云区,民营公司,五险一金 员工旅游 交通补贴 年终奖金 绩效奖金 专业培训 通讯补贴 定期体检,10年以上经验 本科 招1人,1000-5000人
风险管理项目经理,致同会计师事务所广东分所,12500,广州,民营公司,周末双休 弹性工作 五险一金 带薪年假 绩效奖金 节日福利 专业培训 通讯补贴 高温补贴,3-4年经验 本科 招若干人,1000-5000人
注册会计师,广东诚安信会计师事务所有限公司,14583,广州-天河区,民营公司,周末双休 弹性工作 五险一金 绩效奖金,3-4年经验 大专 招5人,150-500人
税务会计,广东联通通信建设有限公司,7500,广州-天河区,国企,,3-4年经验 本科 招若干人,50-150人
财务经理,广州妍美化妆品有限公司,12500,广州-越秀区,外资（非欧美）,补充医疗保险 免费班车 员工旅游 年终奖金 绩效奖金 出国机会 节日福利 全勤奖 五险一金,5-7年经验 本科 招1人,50-150人
财税顾问,广州招商工场控股有限公司,12500,广州-天河区,民营公司,五险一金 绩效奖金 专业培训 周末双休,1年经验 大专 招6人,少于50人
高级财务经理,三七互娱,27500,广州,上市公司,五险一金 员工旅游 交通补贴 餐饮补贴 通讯补贴 专业培训 绩效奖金 年终奖金 定期体检 电脑补助,8-9年经验 本科 招1人,1000-5000人
高级审计员,大信会计师事务所（特殊普通合伙）广州分所,9000,广州-天河区,民营公司,周末双休 餐饮补贴 绩效奖金 五险一金 通讯补贴 年终奖金,3-4年经验 本科 招若干人,150-500人
跨境电商财务主管（公积金、社保、大小周）,广州唯非网络科技有限公司,11500,广州-白云区,民营公司,,5-7年经验 本科 招1人,少于50人
投资经理助理,广东华叶投资集团有限公司,7000,广州-天河区,民营公司,专业培训 员工旅游 员工生日会 购买社保 周末双休 节日福利 餐饮补贴,1年经验 本科 招若干人,150-500人
董事会秘书兼财务总监,广州冠众电子科技股份有限公司,25000,广州-黄埔区,民营公司,五险一金 专业培训 绩效奖金 补充医疗保险 周末双休 带薪年假 节假日福利,5-7年经验 本科 招1人,50-150人
财务总账经理,广州爱帛服饰有限公司(品牌MO&Co.),17500,广州,民营公司,周末双休 带薪年假 五险一金 节日福利 包吃午餐晚餐 交通补贴 年终奖金 定期体检,8-9年经验 本科 招1人,1000-5000人
财务主任-总账（南沙）,维他奶（上海）有限公司,10000,广州-南沙区,外资（欧美）,周末双休 带薪年假 五险一金 餐饮补贴 员工旅游 通讯补贴 专业培训 年终奖金 定期体检,5-7年经验 本科 招2人,500-1000人
风控经理,广东易恒律师事务所,9000,广州-天河区,民营公司,带薪年假 购买社保 节日福利,3-4年经验 本科 招1人,50-150人
审计师,金发科技股份有限公司,12500,广州,上市公司,五险一金 绩效奖金 年终奖金 季度奖金 年度旅游 带薪年假 节日福利 包住宿 体检 周末双休,5-7年经验 本科 招若干人,5000-10000人
财务总监,华康海宇财富管理有限公司,30000,广州-黄埔区,民营公司,五险一金 定期体检 员工旅游 绩效奖金 节日福利 周末双休 法定假期,10年以上经验 本科 招1人,10000人以上
财务总监,广州兆成景置业有限公司,16000,广州,民营公司,做五休二 周末双休 带薪年假 五险一金 绩效奖金 节日福利 专业培训 交通补贴 员工旅游 定期体检,5-7年经验 本科 招1人,50-150人
财务专员/主管,广州天闻角川动漫有限公司,8500,广州-天河区,合资,五险一金 员工旅游 绩效奖金 餐饮补贴 带薪年假 节日福利 全勤奖 定期体检 周末双休 高温补贴,3-4年经验 本科 招1人,50-150人
财务经理,广州转型家科技有限公司,9000,广州-越秀区,民营公司,五险一金 团建活动 周末双休 绩效奖金 专业培训,8-9年经验 本科 招1人,少于50人
总账主任 GL Supervisor,亨氏（中国）投资有限公司,12500,广州-越秀区,外资（欧美）,周末双休 专业培训 节日福利 带薪年假 五险一金,2年经验 本科 招若干人,1000-5000人
风控,中土科技发展（广州）有限公司,7500,广州-南沙区,民营公司,待遇面议,3-4年经验 大专 招1人,少于50人
商务经理,乐艺教育科技（广州）有限责任公司,10500,广州-天河区,民营公司,五险一金 员工旅游 专业培训 年终奖金,2年经验 大专 招1人,50-150人
会计,广州乐邦服装有限公司,5500,广州-番禺区,民营公司,包吃 全勤奖 节日福利 住房补贴,3-4年经验 大专 招1人,50-150人
税务项目主任,海华税务师事务所有限公司,7000,广州,民营公司,带薪年假 周末双休 节日福利 专业培训 五险一金 补充医疗保险 定期体检 绩效奖金 年终奖金,2年经验 本科 招2人,500-1000人
风控经理、风控总监,广州花城创业投资管理有限公司,20833,广州-天河区,民营公司,补充医疗保险 餐饮补贴 通讯补贴 绩效奖金 年终奖金 定期体检 专业培训,3-4年经验 本科 招2人,少于50人
预算分析高级专员 (MJ001386),SHEIN,17500,广州-番禺区,民营公司,五险一金 餐饮补贴 绩效奖金 年终奖金 定期体检 带薪年假 周末双休 节假日福利,3-4年经验 本科 招1人,5000-10000人
商务总监,广州悠绿游信息技术有限公司,22500,广州-海珠区,外资（非欧美）,周末双休 弹性工作 员工旅游 五险一金,5-7年经验 大专 招若干人,少于50人
财务经理,广州荣锋电子科技有限公司,37500,广州,民营公司,五险一金 餐饮补贴 绩效奖金,5-7年经验 本科 招若干人,150-500人
证券事务代表,中科臻祺生物科技（广东）有限公司,18750,广州-天河区,民营公司,五险一金 周末双休 节日福利,5-7年经验 硕士 招1人,少于50人
海外投放,广州百奇盾软件开发有限公司,14000,广州-番禺区,民营公司,带薪年假 节日福利 住房补贴 餐饮补贴 五险一金,2年经验 大专 招2人,50-150人
首席财务官CFO,深圳市企企通科技有限公司,30000,广州-天河区,民营公司,五险一金 员工旅游 专业培训 弹性工作 餐饮补贴 交通补贴 绩效奖金 周末双休,10年以上经验 本科 招1人,500-1000人
证券分析师,广州市双虎科技发展有限公司,19000,广州-天河区,民营公司,,2年经验 硕士 招若干人,5000-10000人
财务总监,广州市鸿森餐饮服务有限公司,27500,广州-天河区,民营公司,餐饮补贴 全勤奖 绩效奖金 专业培训,5-7年经验 大专 招1人,150-500人
会计核算副经理（项目公司）,中新广州知识城投资开发有限公司,12500,广州-黄埔区,外资（非欧美）,五险一金 补充医疗保险 免费班车 定期体检 绩效奖金,5-7年经验 本科 招1人,150-500人
投资经理/高级投资经理,棕榈生态城镇发展股份有限公司,17500,广州-天河区,上市公司,五险一金 交通补贴 通讯补贴 员工旅游 定期体检 绩效奖金 餐饮补贴 补充医疗保险,5-7年经验 本科 招1人,1000-5000人
财务经理,恒企教育,15000,广州,上市公司,,3-4年经验 本科 招1人,1000-5000人
应收助理经理,香港新世界集团成员-K11 Concepts Limited,19000,广州-天河区,外资（非欧美）,,8-9年经验 本科 招1人,150-500人
集团投融资总监,广州携旅信息科技有限公司,27500,广州-海珠区,创业公司,五险一金 补充公积金 员工旅游 交通补贴 年终奖金 绩效奖金 专业培训 通讯补贴 弹性工作,5-7年经验 本科 招若干人,150-500人
经营分析经理,广州立白企业集团有限公司,14583,广州-荔湾区,民营公司,五险一金 补充医疗保险 绩效奖金 定期体检 节日福利 年终奖金 专业培训 餐饮补贴 员工食堂 员工宿舍,3-4年经验 本科 招1人,10000人以上
小米应用商店优化师,广州奇异果互动科技股份有限公司,8500,广州-天河区,上市公司,五险一金 员工旅游 餐饮补贴 绩效奖金 年终奖金 定期体检,1年经验 本科 招2人,50-150人
审计高级经理,大家乐（中国）有限公司,37500,广州,外资（非欧美）,五险一金 包吃包住 周末双休 员工旅游 绩效奖金 专业培训 加班工资,10年以上经验 大专 招1人,10000人以上
IT审计岗,广发银行股份有限公司信用卡中心,16666,广州,合资,五险一金 餐饮补贴 年终奖金 定期体检,1年经验 本科 招1人,10000人以上
资金副经理,广州市碧莹化妆品有限公司,12500,广州-白云区,民营公司,包吃 全勤奖 节日福利 餐饮补贴 弹性工作 年终奖金 绩效奖金 社保,5-7年经验 本科 招1人,1000-5000人
FSSC总监,广州恩飞投资有限公司,45833,广州-越秀区,民营公司,五险一金 餐饮补贴 补充医疗保险 补充公积金 专业培训 出国机会 员工旅游 绩效奖金 免费班车 年终奖金,10年以上经验 大专 招1人,500-1000人
财务总监兼董秘,苏州百道医疗科技有限公司,37500,广州,民营公司,五险一金 餐饮补贴 年终奖金 弹性工作 交通补贴 做五休二 带薪年假 节日福利 补充医疗保险 定期体检,10年以上经验 本科 招1人,50-150人
高级内审主任,广州南顺清洁用品有限公司,19500,广州-番禺区,外资（非欧美）,五险一金 餐饮补贴 通讯补贴 年终奖金 员工旅游 定期体检,5-7年经验 本科 招若干人,150-500人
会计,广东久量股份有限公司,9000,广州-白云区,民营公司,包吃 包三餐 包住宿 免费班车 五险一金 绩效奖金 全勤奖 餐饮补贴,3-4年经验 本科 招若干人,1000-5000人
Financial  Controller,广州爱齐福珠宝有限公司,35000,广州-番禺区,合资,五险一金 员工旅游 交通补贴 专业培训 出国机会 年终奖金 绩效奖金,10年以上经验 本科 招1人,150-500人
财务经理（外派）,广州粤泰集团股份有限公司,20000,广州,上市公司,五险一金 通讯补贴 绩效奖金 年终奖金 交通补贴 股票期权 周末双休,5-7年经验 本科 招3人,500-1000人
财务经理,广州中大凯旋电子科技有限公司,20000,广州,民营公司,五险一金 员工旅游 节日福利 年终奖金 绩效奖金 定期体检,8-9年经验 本科 招1人,150-500人
会计主管（应付方向） (MJ036920),金拱门（广州）数据处理服务有限公司,9166,广州-荔湾区,外资（欧美）,周末双休 节日福利 专业培训 氛围好 领导好 轮岗制度,5-7年经验 本科 招1人,150-500人
持续改进管理岗,广州广汽租赁有限公司,7500,广州-海珠区,国企,五险一金 绩效奖金 年终奖金 定期体检 世界500强 专业培训 补充医疗保险 员工关怀,2年经验 本科 招1人,150-500人
注册会计师（项目经理）,广州市博速信息科技有限公司,12500,广州,民营公司,弹性工作 年终奖金 专业培训 社保 员工旅游 通讯补贴 定期体检,3-4年经验 本科 招3人,50-150人
财务总监,佛山市青松科技股份有限公司,35000,异地招聘,民营公司,丰厚提成 五险一金 优秀团队 知名品牌 高新技术产品 绩效奖金 股票期权 年终奖金,10年以上经验 本科 招1人,150-500人
内审经理/审计经理,正佳企业集团有限公司,12500,广州,外资（欧美）,五险一金 员工旅游 专业培训 做五休二,5-7年经验 本科 招1人,500-1000人
财务副总监,广东人民出版社有限公司,17500,广州-海珠区,国企,五险一金 专业培训 通讯补贴 餐饮补贴 绩效奖金 年终奖金 弹性工作 定期体检,8-9年经验 本科 招1人,150-500人
财务主管,赛业（广州）生物科技有限公司,9000,广州,外资（欧美）,周末双休 带薪年假 绩效奖金 节日福利 餐饮补贴 五险一金 年终奖金,5-7年经验 本科 招1人,150-500人
会计老师/财务老师/财会培训,仁和会计教育集团,14000,广州-天河区,民营公司,五险一金 年终奖金 弹性工作 专业培训 员工旅游,5-7年经验 大专 招4人,10000人以上
急聘：注册会计师 / 注册税务师,广州市忠雄会计师事务所（普通合伙）,15000,广州-海珠区,民营公司,周末双休 带薪年假 绩效奖金 五险一金 包住宿 定期体检 员工旅游 专业培训 节日福利 出国机会,5-7年经验 大专 招4人,50-150人
内审主管,粤海物业管理有限公司,12500,广州-天河区,国企,餐饮补贴 带薪年假 五险一金 年度体检 外出拓展活动 绩效奖金 专业培训 拓展激励,3-4年经验 本科 招2人,500-1000人
投资经理,嘉凯城集团（上海）有限公司,17500,广州-天河区,上市公司,五险一金 餐饮补贴 做五休二 节日福利 周末双休 带薪年假 专业培训 住房补贴,2年经验 本科 招3人,1000-5000人
审计助理,中审众环会计师事务所（特殊普通合伙）广东分所,7000,广州-越秀区,民营公司,五险一金 员工旅游 餐饮补贴 通讯补贴 交通补贴 定期体检 年终奖金 绩效奖金,1年经验 本科 招若干人,150-500人
内审高级经理,广州天泓文化传媒投资有限公司,12500,广州-天河区,民营公司,五险一金 补充商业保险 定期体检 团建活动 年终奖金,5-7年经验 本科 招1人,50-150人
审计主管/经理,广州东方宾馆,7000,广州-越秀区,国企,带薪年假 五险一金 节日福利 专业培训 提供食宿 全身体检 年度旅游 周末双休 年终奖金,3-4年经验 本科 招1人,500-1000人
财务经理/主管,赛尔特建筑科技（广东）有限公司,11500,广州-番禺区,民营公司,绩效奖金 年终奖金 免费班车 社保 大小周 生日礼金,5-7年经验 大专 招1人,150-500人
财务管培生 (2021届校招),中数通信息有限公司,8500,广州-天河区,国企,五险一金 餐饮补贴 通讯补贴 定期体检 年终奖金 专业培训 绩效奖金 周末双休 国企待遇 项目奖金,无需经验 本科 招1人,1000-5000人
董事会秘书,科诺牧业机械设备（上海）有限公司,54166,异地招聘,外资（非欧美）,五险一金 补充医疗保险 通讯补贴 绩效奖金 年终奖金 节日福利 定期体检,5-7年经验 本科 招1人,150-500人
结构化融资岗,厦门国际银行股份有限公司珠海分行,20833,异地招聘,合资,五险一金 补充医疗保险 补充公积金 员工旅游 餐饮补贴 绩效奖金 年终奖金 弹性工作 定期体检 专业培训,2年经验 本科 招若干人,150-500人
渠道商务专员,手盟网络,7500,广州-天河区,民营公司,五险一金 年终奖金 绩效奖金 员工旅游 专业培训 定期体检 补充医疗保险 包餐,3-4年经验 大专 招1人,150-500人
高级课程研发,广东中审软件技术有限公司,9000,广州-天河区,民营公司,周末双休 带薪年假 节日福利 五险一金,2年经验 本科 招2人,50-150人
投资研究员,广东省联泰集团有限公司,9000,异地招聘,民营公司,五险一金 通讯补贴 定期体检 年终奖金 包吃 包住宿,2年经验 本科 招1人,5000-10000人
财务经理,广州市保伦电子有限公司,17500,广州-番禺区,合资,年终奖金 绩效奖金 免费班车 五险 住房补贴 餐饮补贴,2年经验 大专 招若干人,1000-5000人
资金主管,安捷利（番禺）电子实业有限公司,15000,广州,外资（非欧美）,五险一金 绩效奖金 专业培训 周末双休 弹性工作 带薪年假 包三餐 包住宿 全勤奖 节日福利,5-7年经验 本科 招1人,1000-5000人
财务经理-超威,广州超威生物科技有限公司,14583,广州-荔湾区,民营公司,五险一金 餐饮补贴 定期体检 通讯补贴 交通补贴 绩效奖金,5-7年经验 本科 招1人,500-1000人
财务BP经理/主管,全球购骑士特权,16000,广州-天河区,民营公司,周末双休 弹性工作 带薪年假 节日福利 加班补贴 做五休二 通讯补贴 交通补贴,3-4年经验 本科 招若干人,500-1000人
财务储备主管与经理（外派）,开润股份,25000,异地招聘,上市公司,五险一金 餐饮补贴 通讯补贴 弹性工作 年终奖金 绩效奖金,3-4年经验 本科 招4人,1000-5000人
财务会计,广州市华美教育管理有限公司,8000,广州-天河区,民营公司,五险一金 餐饮补贴 通讯补贴 定期体检 绩效奖金,无需经验 本科 招1人,500-1000人
网络推广专员,广州奥舒普门窗有限公司,5250,广州-番禺区,民营公司,包吃 包住宿 员工旅游 节日福利 绩效奖金 专业培训 住房补贴 加班补贴,1年经验 中专 招1人,50-150人
财务管理岗,众诚汽车保险股份有限公司,12500,广州-越秀区,国企,五险一金 补充医疗保险 年终奖金 绩效奖金 定期体检 节假日福利,5-7年经验 本科 招若干人,500-1000人
投资总监,广东省广告集团股份有限公司,22500,广州-海珠区,上市公司,,5-7年经验 本科 招1人,1000-5000人
审计项目经理,广东正中珠江会计师事务所（特殊普通合伙）,23000,广州,民营公司,专业培训 绩效奖金 带薪年假 岗位晋升 体检 高温补贴 通讯补贴 六险一金 氛围好 薪资待遇好,5-7年经验 本科 招若干人,500-1000人
国内商务专员,氪金信息科技（天津）有限公司广州分公司,6500,广州-天河区,民营公司,五险一金 晋升空间大 团队年轻 活动多,2年经验 大专 招若干人,少于50人
财富顾问（广州华强路）,国盛证券有限责任公司,9000,广州,民营公司,五险一金 交通补贴 餐饮补贴 通讯补贴 弹性工作 年终奖金 定期体检 绩效奖金,1年经验 本科 招若干人,1000-5000人
高级财务主管-成本核算与分析,Guangzhou Andala Co.ltd.,12500,广州,外资（欧美）,五险一金 免费班车 员工旅游 通讯补贴 定期体检 年终奖金 绩效奖金,3-4年经验 大专 招若干人,500-1000人
私人银行家，广州,好买财富管理股份有限公司,42500,广州-天河区,民营公司,五险一金 员工旅游 专业培训 绩效奖金 年终奖金 股票期权 定期体检,8-9年经验 大专 招3人,500-1000人
财务经理,广东奥园奥买家电子商务有限公司,25000,广州-番禺区,民营公司,带薪年假 五险一金 绩效奖金 节日福利 专业培训 高温补贴 交通补贴 餐饮补贴 通讯补贴,10年以上经验 本科 招1人,150-500人
管理会计,广州易达建信科技开发有限公司,5500,广州,民营公司,五险一金 年终奖金 节日福利 周末双休 带薪年假,1年经验 本科 招1人,150-500人
主办会计（双休+社保）,泽荔集团,7000,广州-天河区,民营公司,五险一金 员工旅游 年终奖金 带薪年假 绩效奖金 周末双休 出国机会,5-7年经验 大专 招1人,50-150人
财务总监兼董秘,广州赢创汽车租赁有限公司,45833,广州-黄埔区,合资,,8-9年经验 本科 招1人,500-1000人
财务分析员,骆驼服饰,7000,广州-白云区,民营公司,,2年经验 本科 招若干人,1000-5000人
涉外会计,广州市昊志机电股份有限公司,12500,广州-黄埔区,上市公司,五险一金 补充医疗保险 交通补贴 年终奖金 绩效奖金,3-4年经验 本科 招1人,1000-5000人
财务总监,广州市浩洋电子股份有限公司,17500,广州-番禺区,上市公司,五险一金 绩效奖金 定期体检 年终奖金 员工旅游 餐饮补贴 周末双休 出国机会 专业培训,10年以上经验 本科 招1人,1000-5000人
财务总监,广东中大职业培训学院,22500,广州-天河区,非营利组织,五险一金 带薪年假 绩效奖金 节日福利 年终奖金 专业培训 加班补贴 餐饮补贴 员工旅游,3-4年经验 本科 招1人,50-150人
证券事务代表,广州极飞科技有限公司,14000,广州-天河区,合资,五险一金 员工旅游 餐饮补贴 专业培训 绩效奖金 年终奖金 定期体检 周末双休 全勤奖 电脑补贴,5-7年经验 本科 招1人,500-1000人
会计,广州检验检测认证集团有限公司,8333,广州-番禺区,国企,五险一金 免费班车 餐饮补贴 绩效奖金 定期体检 年终奖金,3-4年经验 本科 招2人,1000-5000人
facebook广告投放,广州叶子戏网络科技有限公司,8500,广州-天河区,民营公司,五险一金 包餐 下午茶 团建 旅游 体检,1年经验 本科 招1人,少于50人
税务助理,尤尼泰广东税务师事务所有限公司,4750,广州-天河区,民营公司,年终奖金 五险一金,2年经验 本科 招3人,150-500人
股权投资经理,广东鸿发投资集团有限公司,20833,异地招聘,民营公司,五险一金 绩效奖金 年终奖金 员工旅游 交通补贴 通讯补贴 餐饮补贴 定期体检 专业培训,招1人,1000-5000人
投资经理,丰乐集团,20000,广州-增城区,民营公司,员工旅游 定期体检 专业培训 绩效奖金 年终奖金 提供食宿 节日福利 六险一金 免息房贷,5-7年经验 硕士 招若干人,500-1000人
投资管理经理/高级经理,雅居乐集团控股有限公司,17500,广州-天河区,上市公司,,3-4年经验 本科 招2人,10000人以上
财务/投资实习生,雅居乐资本集团,2500,广州-天河区,民营公司,,在校生/应届生 本科 招3人,50-150人
董事会秘书,杰创智能科技股份有限公司,40000,广州-黄埔区,上市公司,五险一金 餐饮补贴 专业培训 绩效奖金 年终奖金 股票期权 定期体检 员工旅游,10年以上经验 本科 招1人,500-1000人
税务会计,广东高捷航运物流有限公司,5750,广州,民营公司,,2年经验 本科 招若干人,500-1000人
内审主任,赫基集团－总部,10000,广州-天河区,外资（非欧美）,五险一金 绩效奖金 年终奖金 定期体检 专业培训,在校生/应届生 本科 招1人,500-1000人
审计项目经理,大信会计师事务所（特殊普通合伙）南沙自贸区分所,33333,广州-天河区,民营公司,绩效奖金 专业培训 五险一金,1年经验 本科 招若干人,50-150人
集团财务信息披露副经理,海伦堡中国控股,29166,广州-番禺区,民营公司,绩效奖金 年终奖金 餐饮补贴 专业培训 五险一金 补充医疗保险 免费班车 提供住宿,5-7年经验 本科 招1人,5000-10000人
会计,上海中梁地产集团有限公司,7500,异地招聘,民营公司,五险一金 交通补贴 餐饮补贴 通讯补贴 绩效奖金 年终奖金 定期体检 专业培训,3-4年经验 本科 招1人,10000人以上
财务副经理,广州快批信息科技有限公司,12500,广州-海珠区,创业公司,下午茶 五险一金 员工旅游 专业培训 绩效奖金 年终奖金,8-9年经验 本科 招1人,150-500人
总账经理,UR 快尚时装有限公司,20000,广州-白云区,民营公司,周末双休 五险一金 绩效奖金 年终奖金 带薪年假 专业培训 免费班车 置装费 员工折扣 补充医疗保险,5-7年经验 本科 招1人,5000-10000人
财务总监,广州欧丽莱化妆品有限公司,17500,广州-花都区,民营公司,,8-9年经验 本科 招1人,500-1000人
财务总监,广州市三横信息科技有限公司,17500,广州-天河区,民营公司,五险一金 员工旅游 专业培训 定期体检 年终奖金,10年以上经验 本科 招1人,150-500人
风控经理,小高德（广州）置业有限公司,20000,广州-天河区,外资（非欧美）,五险一金 周末双休 带薪年假 绩效奖金,5-7年经验 本科 招1人,1000-5000人
资产负债管理岗,某商业银行,14583,广州-天河区,国企,,本科 招1人,5000-10000人
投资经理助理,广东云下汇金科技有限公司,11000,广州-海珠区,民营公司,五险一金 交通补贴 通讯补贴 绩效奖金 年终奖金 弹性工作 专业培训 做五休二 周末双休 带薪年假,3-4年经验 本科 招若干人,150-500人
财务总监,雅居乐雅城集团,37916,广州-黄埔区,民营公司,五险一金 餐饮补贴 专业培训 年终奖金 绩效奖金,8-9年经验 本科 招1人,1000-5000人
投资拓展经理,广州医药股份有限公司,17500,广州-荔湾区,合资,补充医疗保险 交通补贴 定期体检 绩效奖金 年终奖金 八险二金,3-4年经验 本科 招若干人,1000-5000人
融资租赁客户经理-医疗健康-广州,远东国际融资租赁有限公司,31250,广州,上市公司,五险一金 补充公积金 专业培训 绩效奖金 股票期权 定期体检,3-4年经验 本科 招若干人,10000人以上
广告客户经理/专员,佛山小黄鱼网络科技有限公司,13000,广州-海珠区,民营公司,五险一金 绩效奖金 带薪年假 节日福利 不定期下午茶 万胜围地铁口 老板nice 90后团队,2年经验 大专 招若干人,少于50人
网络营销,MERMAID USA CORPORATION,7000,广州-天河区,外资（欧美）,做五休二,本科 招1人,少于50人
棋牌商务专员,吉林省中顺网络科技有限公司广州分公司,8000,广州-天河区,民营公司,,2年经验 本科 招1人,150-500人
审计总监,广州市益豚猪业投资有限公司,29166,广州-番禺区,民营公司,员工旅游 交通补贴 餐饮补贴 通讯补贴 专业培训 绩效奖金 年终奖金,8-9年经验 本科 招1人,1000-5000人
财务分析经理,天地壹号饮料股份有限公司,25000,广州-天河区,上市公司,绩效奖金 节日福利 五险一金 定期体检 员工旅游 包住,5-7年经验 本科 招1人,10000人以上
会计税务师（税务咨询方向）,广东东湖棋院俱乐部有限公司,16000,广州-越秀区,民营公司,五险一金 专业培训 弹性工作 年终奖金 绩效奖金 公司合伙人,10年以上经验 本科 招1人,50-150人
投资管理岗,广州市增城区城市建设投资集团有限公司,25000,广州-增城区,国企,周末双休 带薪年假 五险一金 绩效奖金 节日福利 高温补贴,3-4年经验 本科 招1人,500-1000人
高级财务经理,广东粤宝黄金投资有限公司,20833,广州-番禺区,民营公司,周末双休 带薪年假 绩效奖金 全勤奖 节日福利,8-9年经验 本科 招1人,150-500人
风控总监,沈阳产业技术研究院,20000,异地招聘,事业单位,五险一金 补充医疗保险 企业年金,5-7年经验 本科 招若干人,50-150人
Senior Accountant 资深会计,恒可富企业咨询服务（上海）有限公司,10000,广州-天河区,外资（欧美）,做五休二 周末双休 五险一金 通讯补贴,3-4年经验 大专 招1人,50-150人
财务副经理（荔湾）,中鼎控股集团有限公司,12500,广州-荔湾区,民营公司,五险一金 包吃 通讯补贴 带薪年假 全勤奖 节日福利 绩效奖金,10年以上经验 大专 招1人,500-1000人
内控主任,万菱实业（广东）有限公司,14000,广州-天河区,合资,五险一金 节日福利 高温补贴 通讯补贴 加班补贴 带薪年假 弹性工作 年终绩效奖,3-4年经验 本科 招1人,50-150人
电商费用会计,蓝月亮（中国）有限公司,5250,广州-黄埔区,外资（非欧美）,周末双休 带薪年假 五险一金 包住宿 免费班车,无需经验 本科 招2人,10000人以上
财务总监,广东合一新材料研究院有限公司,40000,广州-黄埔区,民营公司,五险一金 员工旅游 通讯补贴 绩效奖金 定期体检,10年以上经验 本科 招1人,50-150人
财务经理,广东信达地产有限公司,17500,广州-海珠区,国企,五险一金 补充医疗保险 年终奖金 绩效奖金 交通补贴 通讯补贴,8-9年经验 本科 招若干人,10000人以上
财务主管,广州飞歌汽车音响有限公司,8000,广州-黄埔区,民营公司,五险一金 员工旅游 交通补贴 餐饮补贴 专业培训 定期体检 住房补贴,3-4年经验 大专 招1人,500-1000人
APP市场推广,广州邢帅教育科技有限公司,9000,广州-番禺区,上市公司,,1年经验 大专 招1人,500-1000人
资金运营经理,广州棒谷科技股份有限公司,21500,广州-白云区,民营公司,五险一金 免费班车 绩效奖金 全勤奖,3-4年经验 本科 招若干人,5000-10000人
财务主管（系统实施顾问）,本来生活,9000,广州-白云区,民营公司,五险一金 绩效奖金 员工旅游 专业培训 周末双休,3-4年经验 大专 招2人,1000-5000人
会计主管,宝能汽车销售有限公司,15000,广州-天河区,民营公司,五险一金 定期体检 年终奖金 餐饮补贴 专业培训,3-4年经验 大专 招3人,1000-5000人
财务主管(资深经理-副总裁),上海锡科斯人力资源有限公司,35000,广州,外资（欧美）,五险一金,5-7年经验 本科 招1人,150-500人
资金管理,恒大新能源汽车集团,21000,广州-南沙区,民营公司,包三餐 包住宿 免费班车 专业培训 五险一金,3-4年经验 本科 招1人,1000-5000人
财务总监,广东置信勘测规划信息工程有限公司,11500,广州,民营公司,五险一金 餐饮补贴 专业培训 年终奖金,8-9年经验 本科 招1人,150-500人
投资经理,广州蚁米孵化器有限公司,12500,广州-黄埔区,民营公司,员工旅游 定期体检 年终奖金 绩效奖金 五险一金 弹性工作 周末双休 地铁口 工作环境优美 管理人性化,2年经验 本科 招1人,50-150人
保险产品专家,宜信博诚保险销售服务（北京）股份有限公司,15000,广州-海珠区,民营公司,推荐奖励 增员奖励 销售佣金 培训体系 晋升机会 补充医疗保险 渠道推荐客户,3-4年经验 本科 招若干人,
财务经理（房地产）,广州合利创兴控股有限公司,25000,广州-天河区,民营公司,五险一金 包吃 绩效奖金 节日福利 加班补贴 带薪年假 年底丰厚奖金,10年以上经验 本科 招1人,50-150人
项目经理（南方银行ABU）,用友金融信息技术股份有限公司,15000,广州,上市公司,五险一金 员工旅游 绩效奖金 专业培训 通讯补贴 餐饮补贴 定期体检 交通补贴,本科 招1人,10000人以上
资产评估师,广州中曜招标代理有限公司,7000,广州-番禺区,民营公司,,3-4年经验 本科 招8人,50-150人
移动APP媒介经理,上海聚告德业文化发展有限公司,12500,广州-天河区,合资,五险一金 员工旅游 交通补贴 通讯补贴 餐饮补贴 绩效奖金 年终奖金 弹性工作 定期体检,2年经验 大专 招若干人,50-150人
财务部总经理,广东元邦集团有限公司,30000,广州,民营公司,五险一金 带薪年假 节日福利,10年以上经验 本科 招若干人,500-1000人
财务主管（代监理公司发布）,广州市羚羊高新科技有限公司,10000,广州-黄埔区,民营公司,五险一金 专业培训 带薪年假 定期体检 包吃包住 餐饮补贴 绩效奖金,3-4年经验 本科 招1人,50-150人
私人银行业务顾问,中山证券有限责任公司广州滨江东路证券营业部,17500,广州-海珠区,民营公司,,5-7年经验 本科 招1人,
内控主任/专员,肇庆南玻节能玻璃有限公司,8500,异地招聘,合资,员工宿舍 员工食堂 五险一金 晋升空间 带薪年假 高温补贴 集团公司 年终奖 节日福利 专业培训,3-4年经验 本科 招1人,500-1000人
Financial manager财务经理,申雅密封件(广州）有限公司,25000,广州-番禺区,外资（欧美）,五险一金 补充医疗保险 免费班车 员工旅游 专业培训 通讯补贴 交通补贴 年终奖金 绩效奖金 定期体检,5-7年经验 大专 招1人,500-1000人
海外投放主管,MUSEM缪斯,17500,广州-天河区,创业公司,,1年经验 大专 招2人,50-150人
内审主管,广州伟通信息科技有限公司,11500,广州-天河区,民营公司,,2年经验 本科 招2人,少于50人
财务总监,广州市臻业投资控股有限公司,12500,广州-海珠区,民营公司,,5-7年经验 本科 招1人,50-150人
财务经营分析主管,广州市天诺营销策划有限公司,10000,广州-天河区,合资,五险一金 专业培训 年终奖金 定期体检 员工旅游 绩效奖金 周末双休 带薪年假,3-4年经验 本科 招1人,1000-5000人
广告客户经理,返利网,17500,广州,合资,五险一金 做五休二 餐饮补贴 节日福利 专业培训,3-4年经验 本科 招若干人,500-1000人
财务总监（产业园）,国光电器股份有限公司,37500,广州,上市公司,五险一金 补充医疗保险 免费班车 员工旅游 专业培训 定期体检 出国机会 年终奖金 提供住宿,10年以上经验 本科 招1人,5000-10000人
税务经理,广州四九游网络科技有限公司,12500,广州-天河区,民营公司,做五休二 周末双休 弹性工作 带薪年假 五险一金 专业培训 节日福利 全勤奖 绩效奖金 餐饮补贴,5-7年经验 本科 招2人,150-500人
注册会计师,创扶科技有限公司,12500,广州-黄埔区,合资,五险一金 专业培训 绩效奖金 年终奖金 周末双休 节日福利,3-4年经验 本科 招2人,50-150人
实施项目经理,广东用友软件有限公司,16666,广州-天河区,民营公司,五险一金 交通补贴 餐饮补贴 通讯补贴 绩效奖金 定期体检 年终奖金 周末双休,3-4年经验 本科 招若干人,500-1000人
审计师,中顺洁柔纸业股份有限公司,10000,异地招聘,上市公司,五险一金 定期体检 节日福利 通讯补贴 交通补贴,3-4年经验 本科 招3人,5000-10000人
审计经理,广州资源投资集团有限公司,14166,广州,民营公司,五险一金 补充医疗保险 餐饮补贴 专业培训 绩效奖金 年终奖金 股票期权 定期体检,8-9年经验 大专 招1人,500-1000人
会计,中海联地产集团有限公司,9000,广州-海珠区,民营公司,五险一金 餐饮补贴 通讯补贴 定期体检 绩效奖金,3-4年经验 本科 招若干人,150-500人
财务助理经理（上市报表组）(J10518),合景泰富地产,17500,广州,民营公司,五险一金 员工旅游 交通补贴 餐饮补贴 通讯补贴 年终奖金 定期体检 补充商业保险 免费用餐,3-4年经验 本科 招1人,500-1000人
高级财务经理 (MJ000783),广州荔支网络技术有限公司,30000,广州-天河区,上市公司,员工旅游 免费三餐 绩效奖金 定期体检 专业培训 弹性工作 六险一金,5-7年经验 本科 招1人,500-1000人
投行业务岗,广东华兴银行股份有限公司佛山分行,17500,异地招聘,民营公司,五险一金 补充医疗保险 交通补贴 餐饮补贴 通讯补贴 年终奖金 定期体检,5-7年经验 本科 招若干人,150-500人
财务分析咨询顾问,广州必云信息科技有限责任公司,8000,广州-天河区,民营公司,五险一金 交通补贴 绩效奖金 定期体检 年终奖金 员工旅游,1年经验 本科 招5人,50-150人
区域财务经理 月休6天+五险一金,武汉雍禾美度医疗美容门诊部有限公司,17500,广州-天河区,民营公司,餐饮补贴 专业培训 绩效奖金 五险一金 员工旅游,8-9年经验 本科 招1人,1000-5000人
财务经理,广东奥园商业地产集团有限公司,12500,广州,上市公司,五险一金 年终奖金 定期体检 专业培训 包吃包住,5-7年经验 本科 招1人,1000-5000人
会计/财务经理（广州项目）,港中旅（珠海）海泉湾有限公司,9000,广州-海珠区,国企,五险一金 包吃 包住宿 带薪年假 交通补贴 高温补贴,2年经验 本科 招1人,1000-5000人
财务经理（城市更新）,广东奥园城市更新集团有限公司,25000,广州-番禺区,上市公司,五险一金 年终奖金 定期体检 专业培训 包吃包住,5-7年经验 本科 招1人,150-500人
SEM项目经理/专员（教育行业）,广东德邦教育科技有限公司,14000,广州-海珠区,创业公司,带薪年假 五险一金 绩效奖金 节日福利 专业培训 全勤奖,1年经验 大专 招4人,50-150人
审计经理,广州洋葱时尚集团有限公司,25000,广州-天河区,民营公司,,5-7年经验 本科 招若干人,500-1000人
基金投资经理,韩国瓷肌中国区公司,20000,广州-天河区,民营公司,五险一金 专业培训 年终奖金 定期体检 带薪年假 员工旅游,3-4年经验 大专 招1人,500-1000人
财务总监,广州雷诺生物科技有限公司,17500,广州-番禺区,民营公司,包三餐 包住宿 法定假日 节日福利 六险社保,8-9年经验 本科 招1人,150-500人
财务总监,广东省中星投资有限公司,27500,广州-花都区,民营公司,五险一金 交通补贴 餐饮补贴 通讯补贴 绩效奖金 年终奖金 弹性工作 定期体检,5-7年经验 本科 招1人,50-150人
总账主管,住方科技,12500,广州-天河区,合资,五险一金 年终奖金 高温补贴,5-7年经验 本科 招1人,1000-5000人
财务报告经理(J10392),汤臣倍健股份有限公司,33500,广州-黄埔区,民营公司,五险一金 餐饮补贴 专业培训 绩效奖金 弹性工作 定期体检,5-7年经验 本科 招1人,1000-5000人
证券事务专员,广州普邦园林股份有限公司,8000,广州-天河区,上市公司,周末双休 五险一金 节日福利 绩效奖金 带薪年假 专业培训,1年经验 本科 招1人,1000-5000人
商科专业课教师,广东金融学院国际本科中心,12500,广州-天河区,民营公司,五险一金 免费班车 出国机会 专业培训 弹性工作,1年经验 硕士 招若干人,50-150人
审计助理,中喜会计师事务所（特殊普通合伙）广东分所,7500,广州-天河区,民营公司,定期体检 朝九晚五 一年两旅 出国旅1次 专业培训 年终奖金 绩效奖金 生日节日红包,3-4年经验 本科 招2人,150-500人
风控经理,广州智汇管车信息科技有限公司,12500,广州-天河区,民营公司,,3-4年经验 本科 招2人,少于50人
财务分析（高级）主管/主任,广州新城市投资控股集团有限公司,10000,广州-天河区,民营公司,五险一金 员工旅游 年终奖金 定期体检 餐饮补贴 绩效奖金 专业培训,3-4年经验 本科 招1人,50-150人
风控经理,广东广物金融产业集团有限公司,12500,广州-天河区,国企,周末双休 带薪年假 五险一金 包吃 绩效奖金 节日福利,3-4年经验 本科 招1人,50-150人
Finance Manager,和黄健宝保健品有限公司,17500,广州-白云区,外资（非欧美）,,3-4年经验 本科 招若干人,少于50人
集团财务,广州东奥电气有限公司,12500,广州,民营公司,员工旅游 年终奖金 购社保 节日福利 专业培训,8-9年经验 本科 招1人,150-500人
审计项目经理,广东正瑞会计师事务所（普通合伙）,7500,广州-花都区,民营公司,,3-4年经验 大专 招2人,少于50人
财务主管,广州市丰申网络科技有限公司,12500,广州-天河区,民营公司,周末双休 绩效奖金 年终双薪 员工旅游 定期体检 带薪休假 节日福利 团队聚餐 五险一金 弹性工作,3-4年经验 本科 招1人,50-150人
海外基金估值,广州百顺科技有限公司,7000,广州-越秀区,民营公司,国际经验 五险一金 补充公积金 专业培训 股票期权 定期体检 年终奖金,1年经验 本科 招3人,少于50人
税务师G00695,天创时尚,10000,广州-南沙区,合资,五险一金 免费班车 提供食宿 年底双薪 房补 带薪年假 定期体检 员工旅游 上市公司,3-4年经验 本科 招1人,10000人以上
审计师,京信通信系统控股有限公司,7000,广州-黄埔区,外资（非欧美）,带薪年假 五险一金 加班补贴 通讯补贴 年度体检 绩效奖金 餐饮补贴 免费班车 节日福利 专业培训,2年经验 本科 招1人,10000人以上
财务经理,宁波市康能智电新能源科技有限公司,15000,广州-海珠区,民营公司,专业培训 周末双休 社保 餐饮补贴 员工旅游 弹性工作 通讯补贴 绩效奖金 年终奖金 出国机会,5-7年经验 本科 招若干人,50-150人
注册会计师,中审华会计师事务所（特殊普通合伙）广州分所,9000,广州-海珠区,民营公司,餐饮补贴 交通补贴 五险一金 周末双休 加班补贴 补充医疗保险 补充公积金 员工旅游 定期体检 绩效奖金,1年经验 本科 招若干人,50-150人
财务总监,智度科技股份有限公司,37500,广州-花都区,民营公司,五险一金 免费班车 专业培训 提供食宿 周末双休 节日礼品,10年以上经验 本科 招1人,500-1000人
财务总监,广州市禹成消防科技有限公司,15000,广州-番禺区,民营公司,包住 包吃 高温补贴 生日福利 节日福利 五险一金,8-9年经验 本科 招1人,50-150人
财务总监(J10299),广州中康资讯股份有限公司,30000,广州-天河区,合资,五险一金 绩效奖金 年终奖金 定期体检 午餐补助 带薪年假 节日福利 节日礼金,8-9年经验 本科 招1人,150-500人
广惠深区域-高级财务经理,广州市方圆房地产发展有限公司,27500,广州-天河区,外资（非欧美）,员工旅游 专业培训 包吃 五险一金 餐饮补贴 定期体检 年终奖金,无需经验 本科 招1人,1000-5000人
APP推广专员,广州市有车以后信息科技有限公司,8000,广州-海珠区,民营公司,弹性工作 周末双休 五险一金 节日福利 带薪年假,1年经验 本科 招1人,150-500人
财务会计,广东新大禹环境科技股份有限公司,8000,广州-黄埔区,民营公司,周末双休 带薪年假 五险一金 节日福利 绩效奖金 通讯补贴,3-4年经验 本科 招2人,500-1000人
财务经理（GZ）,深圳市华阳国际工程设计股份有限公司广州分公司,12000,广州-天河区,民营公司,五险一金 交通补贴 餐饮补贴 定期体检 节日福利 带薪年假,8-9年经验 本科 招1人,1000-5000人
信息流优化师(13薪),海盈合创数字营销（广州）有限公司,125000,广州-天河区,民营公司,,1年经验 大专 招10人,50-150人
高级客户经理,万联证券股份有限公司广州荔湾分公司,3750,广州-荔湾区,国企,五险一金 专业培训 定期体检 弹性工作 绩效奖金 带薪年假,无需经验 大专 招8人,1000-5000人
内控审计经理,广东粤海置业管理有限公司,9000,异地招聘,国企,五险一金 绩效奖金 年终奖金 定期体检,3-4年经验 本科 招1人,150-500人
教育机构--财务会计,广州华美物业管理有限公司,8000,广州-天河区,民营公司,五险一金 高温补贴 绩效奖金 餐饮补贴 带薪年假 住房补贴 加班补贴 年终奖金,无需经验 本科 招若干人,50-150人
财务高级经理/副总监,美启电力（广东）股份有限公司,22500,异地招聘,合资,五险一金 员工旅游 绩效奖金 年终奖金 定期体检 弹性工作,5-7年经验 本科 招1人,50-150人
经营会计顾问,广州市柏明顿管理顾问有限公司,45000,广州-天河区,民营公司,五险一金 专业培训 员工旅游 年终奖金,10年以上经验 硕士 招2人,150-500人
会计,广州宸山医疗美容门诊部有限公司,6500,广州-天河区,民营公司,员工旅游 餐饮补贴 专业培训 绩效奖金 年终奖金 定期体检 五险 员工俱乐部,3-4年经验 大专 招1人,50-150人
审计助理实习生,北京华审会计师事务所有限公司广东分所,1750,广州-天河区,民营公司,五险一金 餐饮补贴 年终奖金 员工旅游 补充医疗保险,在校生/应届生 本科 招若干人,50-150人
投资管理部 高级业务经理,广州金控基金管理有限公司,12000,广州-天河区,国企,餐饮补贴 绩效奖金 通讯补贴,3-4年经验 本科 招若干人,少于50人
社区投资总监,雅居乐雅生活集团雅信工程咨询公司,39583,广州-番禺区,上市公司,五险一金 餐饮补贴 年终奖金 月休八天,10年以上经验 本科 招2人,10000人以上
风控经理,珠海横琴阳诚基金管理有限公司,8500,广州-天河区,民营公司,五险一金 交通补贴 员工旅游 餐饮补贴 专业培训 绩效奖金 年终奖金 定期体检,2年经验 本科 招1人,少于50人
高级财务经理,中食安泓（广东）健康产业有限公司,27500,广州-天河区,民营公司,五险一金 带薪年假 节日福利 专业培训 周末双休 绩效奖金,8-9年经验 本科 招1人,150-500人
核算总监,广东鼎龙实业集团有限公司,45000,广州-天河区,民营公司,五险一金 专业培训 团建活动 绩效奖金 弹性工作,8-9年经验 本科 招1人,1000-5000人
财务BP/ BU财务负责人 (MJ002571),广州市百果园网络科技有限公司,25000,广州-番禺区,上市公司,餐饮补贴 年终奖金 弹性工作 定期体检,3-4年经验 本科 招1人,5000-10000人
财务管理经理,广东树华美术教育集团,17500,广州-海珠区,民营公司,五险一金 绩效奖金 专业培训 弹性工作,5-7年经验 本科 招1人,150-500人
财务主管,广州市健稳汽车贸易有限公司,5750,广州-番禺区,民营公司,弹性工作 带薪年假 绩效奖金 节日福利 专业培训 餐饮补贴 五险,3-4年经验 大专 招若干人,150-500人
财务经理,广州华钧软件科技有限公司,16000,广州-天河区,民营公司,,大专 招5人,50-150人
Senior Consultant, Data Analytics, IARCS,毕马威中国 KPMG China,21500,广州-天河区,外资（欧美）,五险一金 补充医疗保险 年终奖金 定期体检 专业培训,3-4年经验 本科 招若干人,500-1000人
财务经理,摩登大道时尚集团股份有限公司,15000,广州-黄埔区,上市公司,五险一金 餐饮补贴 交通补贴 弹性工作 带薪年假 全勤奖 节日福利 双休 员工旅游 定期体检,5-7年经验 本科 招1人,500-1000人
注册会计师,广州谨效税务师事务所有限公司,9000,广州-番禺区,民营公司,五险一金 餐饮补贴 交通补贴 年终奖金,1年经验 本科 招2人,少于50人
投资银行业务岗,中天国富证券有限公司,12500,广州-天河区,民营公司,五险一金 补充医疗保险 通讯补贴 绩效奖金 定期体检,在校生/应届生 硕士 招若干人,500-1000人
内审岗,东风日产融资租赁有限公司,16666,广州-花都区,国企,五险一金 补充医疗保险 员工旅游 交通补贴 餐饮补贴 通讯补贴 专业培训 绩效奖金 年终奖金 定期体检,5-7年经验 本科 招若干人,50-150人
分公司家族理财业务负责人/总监,安信证券股份有限公司广州分公司,15833,广州-天河区,国企,定期体检 专业培训 六险二金 节日福利 各类补贴,5-7年经验 本科 招1人,5000-10000人
财务总监,国坛集团,55000,异地招聘,民营公司,周末双休 带薪年假 五险一金 绩效奖金 全勤奖 节日福利 专业培训 餐饮补贴 通讯补贴,10年以上经验 本科 招1人,150-500人
财务BP/经营分析,广州素隐商贸有限公司,12500,广州-海珠区,民营公司,五险一金 大下周 弹性工作 带薪年假 专业培训 节日福利 加班补贴,3-4年经验 本科 招1人,150-500人
审计项目经理,容诚会计师事务所（特殊普通合伙）广州分所,15000,广州-天河区,民营公司,五险一金 补充医疗保险 员工旅游 交通补贴 通讯补贴 专业培训 年终奖金 定期体检,招若干人,50-150人
项目会计,深圳尚易投资集团有限责任公司,7000,广州,民营公司,周末双休 五险一金 带薪年假 绩效奖金,1年经验 本科 招1人,150-500人
财务BP,广州畅途汽车技术开发有限公司,10000,广州-天河区,民营公司,五险一金 餐饮补贴 绩效奖金 年终奖金 股票期权 团队活动 交通补贴 通讯补贴 定期体检,5-7年经验 本科 招1人,500-1000人
项目运营专员,广州市杰悦科技有限公司,45833,广州-天河区,民营公司,弹性工作 绩效奖金 节日福利 年终奖金 专业培训 股票期权,10年以上经验 本科 招10人,少于50人
财务经理,广州英码信息科技有限公司,17500,广州-黄埔区,民营公司,五险一金 专业培训 绩效奖金 年终奖金 员工旅游 弹性工作 周末双休,5-7年经验 本科 招1人,50-150人
内控合规专员,白马广告媒体投资有限公司,8000,广州-天河区,合资,五险一金 餐饮补贴 定期体检 周末双休,2年经验 本科 招1人,500-1000人
融资总监,郓城华信农业发展有限公司,42500,异地招聘,民营公司,社保福利 专业培训 绩效奖金 股票期权 生活补贴 绿色环境,5-7年经验 本科 招2人,少于50人
会计,广东康慈医疗管理有限公司,12500,广州-番禺区,民营公司,五险一金 员工旅游 专业培训 绩效奖金 定期体检 周末双休 交通补贴 节日福利 全勤奖 餐饮补贴,无需经验 本科 招2人,500-1000人
会计专员,广州探迹科技有限公司,12500,广州-番禺区,民营公司,带薪年假 五险一金 绩效奖金 全勤奖 节日福利 专业培训 弹性工作 通讯补贴 定期体检 股票期权,3-4年经验 本科 招1人,500-1000人
费用会计,深圳联想懂的通信有限公司,9000,广州-天河区,民营公司,五险一金 补充医疗保险 绩效奖金 定期体检 弹性工作 餐饮补贴,2年经验 本科 招1人,150-500人
审计助理,中审亚太会计师事务所（特殊普通合伙）广东分所,5000,广州-天河区,民营公司,五险一金 绩效奖金 餐饮补贴 定期体检 14薪,2年经验 本科 招若干人,50-150人
数据支持,京东商城华南区域分公司,12500,广州-黄埔区,上市公司,五险一金 餐饮补贴 绩效奖金 年终奖金 全勤奖 节日福利 包住宿,3-4年经验 大专 招1人,10000人以上
财务总监,广东河海工程咨询有限公司,22500,广州-天河区,民营公司,五险一金 带薪年假 年终奖金 定期体检 员工旅游,8-9年经验 本科 招1人,150-500人
CFO(会运作上市）,大牛教育,75000,广州,民营公司,五险一金 节日福利 专业培训 全勤奖 绩效奖金 氛围好 加班补贴 办公环境好 年轻团队 晋升机会,10年以上经验 本科 招1人,150-500人
税账会计,尚惠国际集团有限公司,5250,广州-白云区,民营公司,交通补贴 餐饮补贴 通讯补贴 专业培训 绩效奖金 年终奖金 弹性工作,1年经验 大专 招1人,1000-5000人
财务总监,广东新禾道信息科技有限公司武汉分公司,40000,广州,民营公司,五险一金 补充医疗保险 员工旅游 交通补贴 餐饮补贴 通讯补贴 年终奖金 专业培训 定期体检,8-9年经验 本科 招1人,150-500人
国际课程会计教师,佛山市南海区美伦国际教育中心,14583,异地招聘,民营公司,五险一金 绩效奖金 年终奖金 专业培训,3-4年经验 本科 招若干人,150-500人
财务管培生（经营分析方向）,贪玩游戏,5250,广州-天河区,民营公司,五险一金 定期体检 年终奖金 专业培训 美味三餐 部门团建 全勤奖 带薪年假,在校生/应届生 本科 招1人,1000-5000人
投资经理（大信息）,上海洛菲斯投资管理有限公司,27500,广州-天河区,外资（非欧美）,,3-4年经验 硕士 招2人,少于50人
委派财务经理,广州中山大学资产经营有限公司,13500,广州-海珠区,国企,五险一金 定期体检 周末双休 带薪年假,3-4年经验 本科 招1人,500-1000人
创新事业部项目经理,大湾区科技创新服务中心（广州）有限公司,10500,广州-天河区,民营公司,五险一金 交通补贴 通讯补贴 绩效奖金 年终奖金 晋升机会 弹性工作,3-4年经验 本科 招2人,少于50人
总账会计主管（统招本科）,广东世纪晓教育科技有限公司,12000,广州-天河区,民营公司,五险一金 员工旅游 绩效奖金 定期体检 带薪年假 年终奖金 餐饮补贴,3-4年经验 本科 招1人,10000人以上
运营分析主管,广州汇智通信技术有限公司,14583,广州,国企,五险一金 餐饮补贴 通讯补贴 交通补贴,5-7年经验 本科 招1人,1000-5000人
基金销售总监,中天汇富基金管理有限公司,30000,广州-天河区,合资,五险一金 员工旅游 绩效奖金 定期体检 周末双休 节日福利 年终奖金 带薪年假 专业培训 高额提成,5-7年经验 本科 招1人,150-500人
Affiliate Manager,上海酷量信息技术有限公司,12500,广州-天河区,民营公司,,1年经验 大专 招2人,150-500人
财务副总经理/总经理,佛山宇能创富投资有限公司,30000,异地招聘,民营公司,包吃 绩效奖金 节日福利 员工旅游 年终奖金,无需经验 招1人,50-150人
财务经理,协�悠笠倒芾碜裳�（上海）有限公司,20000,广州-海珠区,外资（非欧美）,五险一金 专业培训 做五休二 带薪年假,5-7年经验 本科 招1人,少于50人
高级税务经理,大华集团（广州）投资有限公司,22500,广州-天河区,民营公司,做五休二 带薪年假 五险一金 节日福利 餐饮补贴 通讯补贴 高温补贴,8-9年经验 本科 招1人,1000-5000人
商业化运营经理,广州小迈网络科技有限公司,14000,广州,民营公司,五险一金 餐饮补贴 绩效奖金 年终奖金 弹性工作,2年经验 本科 招1人,150-500人
注册会计师,亚太鹏盛税务师事务所（江门）有限公司,14583,异地招聘,民营公司,五险一金 交通补贴 员工旅游 专业培训 年终奖金 绩效奖金 弹性工作,2年经验 本科 招2人,少于50人
董事会秘书,广东碧海蓝天环保科技有限公司,17500,异地招聘,民营公司,专业培训 节日福利 绩效奖金 年终奖金 入职即购社保 弹性工作 提供住宿 包吃三餐 朝阳行业 高温补贴,3-4年经验 本科 招1人,50-150人
税务高级主管,广州环亚化妆品科技有限公司（滋源/美肤宝/法兰琳卡）,8000,广州,外资（非欧美）,,2年经验 本科 招1人,1000-5000人
咨询顾问（实习）,上海博科资讯股份有限公司,3750,异地招聘,合资,,在校生/应届生 本科 招若干人,1000-5000人
财务会计,广东盈峰普惠互联小额贷款股份有限公司,17500,广州-天河区,民营公司,五险一金 餐饮补贴 通讯补贴 年终奖金 绩效奖金 定期体检 节日福利 周末双休,2年经验 本科 招1人,50-150人
财务主管,凯泰科(中国)医疗器械股份有限公司,9000,广州-番禺区,外资（欧美）,五险一金 免费班车,5-7年经验 本科 招1人,150-500人
网络推广专员,广州叁立机械设备有限公司,5250,广州-增城区,民营公司,弹性工作 带薪年假 包吃 节日福利 全勤奖 绩效奖金 包住宿 住房补贴 通讯补贴,3-4年经验 大专 招若干人,少于50人
雅生活-社区商业公司-社区投资总监,雅居乐-雅生活集团,27500,广州-天河区,上市公司,五险一金 绩效奖金 年终奖金 专业培训 餐饮补贴 定期体检,8-9年经验 本科 招若干人,10000人以上
总经理助理,城开海纳（平潭）资产管理有限公司,20833,广州,合资,五险一金 餐饮补贴 通讯补贴 专业培训 绩效奖金 年终奖金 股票期权 交通补贴 定期体检 弹性工作,3-4年经验 硕士 招1人,150-500人
工程审计,广州江楠农业发展有限公司,7000,广州,民营公司,五险一金 弹性工作 节日福利 周末双休 带薪年假,3-4年经验 本科 招1人,50-150人
审计经理,奥园健康生活（广州）集团有限公司,17500,广州-番禺区,上市公司,,5-7年经验 本科 招1人,500-1000人
财务高级经理,广州大业房地产开发有限公司,17500,广州-天河区,民营公司,,5-7年经验 本科 招1人,50-150人
财务主任（投资方向）,时代中国广州公司（东区）,15500,广州-越秀区,民营公司,五险一金 绩效奖金 年终奖金 专业培训 定期体检 交通补贴 餐饮补贴 通讯补贴 补充医疗保险 免费班车,5-7年经验 本科 招1人,1000-5000人
总经理办公室实习生,恒生前海基金管理有限公司,2400,异地招聘,合资,,在校生/应届生 本科 招若干人,50-150人
游戏广告投放,广州快游互动信息技术有限公司,9000,广州-天河区,民营公司,,1年经验 大专 招2人,150-500人
商务专员,广州穿山甲网络科技有限公司,9000,广州-天河区,民营公司,七险一金 员工旅游 年终奖金 定期体检 带薪年假 节日礼品 免费早餐 餐饮补贴 绩效奖金 专业培训,在校生/应届生 大专 招若干人,少于50人
APP推广经理,广州索氧音乐文化传播有限公司,7000,广州,民营公司,五险一金 员工旅游 通讯补贴 交通补贴 绩效奖金 年终奖金 专业培训,2年经验 大专 招若干人,少于50人
审计部部长（总监）,广东采联采购科技有限公司,25000,广州-越秀区,民营公司,五险一金 专业培训 绩效奖金 定期体检 周末双休 员工旅游,3-4年经验 本科 招1人,150-500人
财务经理(经营分析及预算管理),科华恒盛,12500,广州-黄埔区,上市公司,周末双休 带薪年假 五险一金 节日福利 高温补贴 职位晋升 交通补贴 通讯补贴 年终奖金 定期体检,8-9年经验 本科 招1人,1000-5000人
会计顾问 Accounting Associate,协力管理咨询（深圳）有限公司上海分公司,7000,广州-天河区,外资（非欧美）,周末双休 弹性工作 带薪年假 通讯补贴 餐饮补贴,在校生/应届生 本科 招1人,150-500人
网络推广（信息流）,广东蓓盈纤健康管理有限公司,9000,广州-天河区,民营公司,员工旅游 年终奖金 弹性工作 节目福利 多彩员工生活,2年经验 大专 招1人,150-500人
财务主管,广东穗芳智慧建设科技有限公司,10000,广州,民营公司,五险一金 餐饮补贴 专业培训 定期体检 带薪年假 周末双休 绩效奖金,3-4年经验 本科 招1人,150-500人
高级投资经理（债务重组）,甲乙丙资产管理有限公司,22500,广州-天河区,民营公司,五险一金 补充医疗保险 绩效奖金 专业培训 定期体检 弹性工作 员工旅游 交通补贴,10年以上经验 本科 招1人,150-500人
税务经理,东莞市民盈房地产开发有限公司,16000,异地招聘,民营公司,餐饮补贴 专业培训 绩效奖金 年终奖金 五险一金 带薪年假 包住宿 节日福利,5-7年经验 本科 招1人,500-1000人
财务会计专员,广东延泰建设工程有限公司,5250,广州-南沙区,民营公司,五险一金 餐饮补贴 交通补贴 年终奖金 绩效奖金 国家节假日 住房补贴,3-4年经验 大专 招2人,50-150人
集团财务负责人,广州联鸿实业投资有限公司,56250,广州-海珠区,民营公司,五险一金 交通补贴 餐饮补贴 通讯补贴 定期体检 员工旅游 专业培训 绩效奖金 年终奖金,10年以上经验 本科 招1人,1000-5000人
风险管理专员,三福服饰有限公司,6000,广州-白云区,民营公司,五险一金 员工旅游 员工宿舍 专业培训 年终奖金 定期体检,2年经验 大专 招1人,10000人以上
财务经理（华南城市更新公司）,合生创展集团广州地区公司,20833,广州-番禺区,上市公司,绩效奖金 节日福利 专业培训 餐饮补贴 通讯补贴 五险一金,5-7年经验 本科 招1人,10000人以上
投资总监（南新创投）,广东南方新媒体股份有限公司,22500,广州,国企,五险一金 绩效奖金 年终奖金 定期体检 专业培训 通讯补贴 员工旅游,5-7年经验 本科 招若干人,150-500人
财务总监,广州小卫科技有限公司,45000,广州-海珠区,外资（非欧美）,带薪年假 五险一金 加班补贴 节日福利 绩效奖金 专业培训 周末双休 弹性工作,10年以上经验 本科 招1人,150-500人
财务主管,广州羊城通有限公司,14583,广州-越秀区,国企,五险一金 带薪年假 绩效奖金 节日福利 餐饮补贴 年终奖金 企业年金 定期体检,5-7年经验 本科 招1人,150-500人
财务实习生,中国物流股份有限公司广东事业部,3750,广州-黄埔区,国企,周末双休 节日福利 专业培训 通讯补贴 高温补贴 五险一金,在校生/应届生 本科 招若干人,50-150人
头条短视频运营（单休）,广州盛年优学信息科技有限公司,10000,广州,民营公司,五险一金 员工旅游 专业培训 弹性工作 绩效奖金 有竞争力薪资,无需经验 大专 招1人,50-150人
审计专员,广州交投睿郡置业有限公司,10416,广州-越秀区,国企,五险一金 餐饮补贴 通讯补贴 专业培训 绩效奖金 年终奖金 定期体检,在校生/应届生 硕士 招1人,50-150人
财务主管,广州长越汽车制造有限公司,9000,广州-花都区,民营公司,绩效奖金 餐补 周末双休 带薪年假,5-7年经验 大专 招1人,50-150人
会计实习生,广东粤港澳大湾区国家纳米科技创新研究院,3000,广州-黄埔区,事业单位,,在校生/应届生 本科 招1人,1000-5000人
售前顾问,上海绎维软件系统有限公司,20000,异地招聘,民营公司,五险一金 补充公积金 年终奖金,5-7年经验 本科 招1人,50-150人
游戏投放（广点通 微信mp）,海南后浪互娱网络科技有限公司,17500,广州-天河区,民营公司,,2年经验 大专 招5人,50-150人
投行业务类实习生(J10673),光大证券股份有限公司,3000,异地招聘,国企,五险一金 补充医疗保险 补充公积金 定期体检 交通补贴 年终奖金 通讯补贴,在校生/应届生 硕士 招若干人,5000-10000人
CFO,博纳德集团,75000,广州-天河区,民营公司,员工旅游 绩效奖金 专业培训 朝九晚六 不加班 年终奖金 社会保险 出国机会,8-9年经验 本科 招1人,500-1000人
区域财务主管,万达影城,9000,广州,民营公司,五险一金 员工旅游 餐饮补贴 专业培训 定期体检 绩效奖金,3-4年经验 本科 招2人,150-500人
媒介助理,广州益萌网络科技有限公司,7000,广州-天河区,民营公司,五险一金 绩效奖金 年终奖金 弹性工作 包餐 专业培训 员工旅游,1年经验 大专 招5人,50-150人
财务总监,广州悦谦科技有限公司,27500,广州-海珠区,民营公司,五险一金 餐饮补贴 绩效奖金 年终奖金 弹性工作 定期体检,5-7年经验 本科 招1人,50-150人
内审主管,广州绿地房地产开发有限公司,15000,广州-白云区,国企,五险一金 通讯补贴 包三餐 定期体检 节日奖金 专业培训,3-4年经验 本科 招1人,1000-5000人
电商财务(地铁口+高薪),广州思泉科技有限公司,5500,广州-天河区,民营公司,带薪年假 绩效奖金 全勤奖 专业培训,1年经验 中专 招2人,少于50人
财务总监,广东道路信息发展有限公司,13500,广州-越秀区,民营公司,五险一金 餐饮补贴 专业培训 年终奖金 定期体检 员工旅游 周末双休,5-7年经验 本科 招若干人,50-150人
财务总监,广州市零码汇信息科技有限公司,85000,广州-荔湾区,民营公司,,10年以上经验 本科 招1人,1000-5000人
不良资产债务重组律师,广州中科北斗网络技术有限公司,60000,广州,民营公司,五险一金 专业培训 绩效奖金 员工旅游 年终奖金 弹性工作 定期体检,10年以上经验 本科 招10人,50-150人
资本运营部总监,广州国资发展控股有限公司,58333,广州-天河区,国企,五险一金 补充医疗保险 餐饮补贴 通讯补贴 专业培训 绩效奖金 定期体检 带薪年假,10年以上经验 本科 招若干人,150-500人
融资综合助理/融资专员,融捷投资控股集团有限公司,5250,广州-天河区,民营公司,五险一金 餐饮补贴 通讯补贴 绩效奖金 年终奖金,1年经验 本科 招1人,10000人以上
财务总监,名创优品（广州）有限责任公司,45000,广州-白云区,民营公司,餐饮补贴,10年以上经验 本科 招1人,10000人以上
财务分析经理,前海新华康金融控股（深圳）有限公司,18500,广州-黄埔区,民营公司,五险一金 定期体检 员工旅游 绩效奖金 节日福利 周末双休 法定假期,5-7年经验 本科 招若干人,10000人以上
日语财税咨询顾问(编号125092) 日语必须,上海艾杰飞人力资源有限公司,14000,广州,外资（非欧美）,国家法定休假 五险一金 带薪年假,2年经验 大专 招1人,50-150人
财务主管,广州中望龙腾软件股份有限公司,16000,广州-天河区,民营公司,五险一金 绩效奖金 定期体检 节日福利 交通便利 办公环境优美 餐饮补贴 年终奖金 通讯补贴 员工旅游,2年经验 本科 招若干人,500-1000人
IT审计主管,京东安联财产保险有限公司,20833,广州-天河区,合资,五险一金 补充医疗保险 绩效奖金 年终奖金 弹性工作 定期体检 专业培训 餐饮补贴,5-7年经验 本科 招1人,150-500人
高级会计师 /CPA/高级税务师,广东达方律师事务所,12500,广州-越秀区,民营公司,,3-4年经验 本科 招2人,少于50人
CPA讲师,深圳市升学文化传播有限公司,10500,广州,民营公司,五险一金 绩效奖金 全勤奖 节日福利 带薪年假 专业培训,2年经验 大专 招2人,1000-5000人
店长/储备店长（海珠区）,去K书全国连锁专业自习中心,9000,广州-海珠区,民营公司,五险一金 绩效奖金 专业培训 节日福利 年终奖金,3-4年经验 大专 招1人,50-150人
店长/储备店长（东山店）,去K书全国连锁专业自习中心,9000,广州-越秀区,民营公司,,2年经验 大专 招若干人,50-150人
店长/储备店长（岗顶）,去K书全国连锁专业自习中心,9000,广州-天河区,民营公司,,2年经验 大专 招若干人,50-150人
店长/储备店长（体育中心店）,去K书全国连锁专业自习中心,9000,广州-天河区,民营公司,,2年经验 大专 招2人,50-150人
店长/储备店长（燕塘店）,去K书全国连锁专业自习中心,9000,广州-天河区,民营公司,,2年经验 大专 招2人,50-150人
店长/储备店长（农讲所店）,去K书全国连锁专业自习中心,9000,广州-越秀区,民营公司,,2年经验 大专 招2人,50-150人
中级会计师,随地游（广州）文化旅游有限公司,5833,广州-从化区,民营公司,绩效奖金 员工旅游 节日福利 通讯补贴 五险一金 弹性工作 专业培训 年终奖金 补充医疗保险,3-4年经验 本科 招2人,50-150人
中级会计师,随地游（广州）文化旅游有限公司,5833,广州-从化区,民营公司,绩效奖金 员工旅游 节日福利 通讯补贴 五险一金 弹性工作 专业培训 年终奖金 补充医疗保险,3-4年经验 本科 招2人,50-150人
中级会计师,随地游（广州）文化旅游有限公司,7500,广州-从化区,民营公司,绩效奖金 员工旅游 节日福利 通讯补贴 五险一金 弹性工作 专业培训,3-4年经验 本科 招2人,50-150人
证券代表,广州迪森家居环境技术有限公司,13000,广州-黄埔区,民营公司,五险一金 补充医疗保险 员工旅游 通讯补贴 绩效奖金 年终奖金 定期体检 包吃 提供住宿,2年经验 本科 招1人,500-1000人
财税咨询顾问（项目合作）,广州睿驰明雅管理咨询有限公司,25000,广州-越秀区,民营公司,五险一金 周末双休 员工旅游 每年调薪 专业培训,10年以上经验 本科 招若干人,50-150人
税务筹划顾问（会计税务师）,广州睿驰明雅管理咨询有限公司,33333,广州-越秀区,民营公司,项目合作 成为合伙人 年薪百万 不用坐班,10年以上经验 本科 招若干人,50-150人
资深财务经理,广州市罄羽投资有限公司,13500,广州-天河区,民营公司,带薪年假 完善晋升制度 五险一金 周末双休 免费零食 十三薪 生日派对 定期体检 弹性工作,5-7年经验 本科 招1人,150-500人
项目经理,天职国际会计师事务所（特殊普通合伙）,12500,广州-天河区,民营公司,五险一金 通讯补贴 定期体检 员工旅游 年终奖金,3-4年经验 本科 招2人,500-1000人
高级审计员Senior Auditor,天职国际会计师事务所（特殊普通合伙）,17500,广州-天河区,民营公司,五险一金 通讯补贴 定期体检,3-4年经验 本科 招2人,500-1000人
家庭风险管理顾问,明亚保险经纪股份有限公司广东分公司,22500,广州-天河区,民营公司,五险一金 弹性工作 周末双休 绩效奖金 节日福利 专业培训,8-9年经验 本科 招若干人,5000-10000人
家庭保险规划师/风险管理顾问,明亚保险经纪股份有限公司广东分公司,22500,广州-天河区,民营公司,五险一金 弹性工作 周末双休 绩效奖金 节日福利 专业培训,8-9年经验 本科 招20人,5000-10000人
高端保险经纪人/理财顾问,明亚保险经纪股份有限公司广东分公司,22500,广州-天河区,民营公司,五险一金 弹性工作 周末双休 绩效奖金 节日福利 专业培训,8-9年经验 本科 招若干人,5000-10000人
高端保险经纪人,明亚保险经纪股份有限公司广东分公司,22500,广州-天河区,民营公司,五险一金 弹性工作 周末双休 绩效奖金 节日福利 专业培训,8-9年经验 本科 招若干人,5000-10000人
明亚高端保险经纪人,明亚保险经纪股份有限公司广东分公司,22500,广州-天河区,民营公司,五险一金 弹性工作 周末双休 绩效奖金 节日福利 专业培训,5-7年经验 本科 招10人,5000-10000人
集团投资分析经理,广东全优加教育发展有限公司,15500,广州-天河区,民营公司,餐饮补贴 专业培训 绩效奖金 年终奖金 补充医疗保险 五险一金 周末双休,5-7年经验 本科 招1人,1000-5000人
会计主管,广东全优加教育发展有限公司,10000,广州-海珠区,民营公司,餐饮补贴 专业培训 绩效奖金 五险一金 全勤奖 节日福利 周末双休 定期体检,5-7年经验 本科 招1人,1000-5000人
会计经理,广东全优加教育发展有限公司,17000,广州-海珠区,民营公司,餐饮补贴 专业培训 绩效奖金 年终奖金 补充医疗保险 五险一金 周末双休,5-7年经验 本科 招1人,1000-5000人
财务经理,广东求学圆梦网络科技有限公司,17500,广州-越秀区,民营公司,五险一金 绩效奖金 交通补贴 餐饮补贴 股票期权,5-7年经验 本科 招1人,150-500人
SEO网络推广专员,广州枫车电子商务有限公司,8000,广州-白云区,民营公司,五险一金 餐饮补贴 弹性工作 定期体检 员工旅游 绩效奖金 年终奖金 通讯补贴,2年经验 本科 招若干人,150-500人
成本副经理/主管,鸿利智汇集团股份有限公司,19000,广州,上市公司,五险一金 员工旅游 绩效奖金 定期体检 年终奖金 通讯补贴 餐饮补贴 免费住宿 五天8小时 专业培训,5-7年经验 本科 招1人,5000-10000人
高级审计师,鸿利智汇集团股份有限公司,10500,广州,上市公司,五险一金 补充医疗保险 员工旅游 专业培训 绩效奖金 年终奖金 定期体检 周末双休 包吃三餐,5-7年经验 大专 招1人,5000-10000人
财务部负责人,广东省国际工程咨询有限公司,29166,广州,国企,五险一金 交通补贴 餐饮补贴 通讯补贴 专业培训 定期体检,10年以上经验 本科 招1人,500-1000人
销售代表（双休五险）,广州爱米信息科技有限公司,9000,广州-天河区,民营公司,员工旅游 年终奖金 弹性工作 带薪年假 节日福利 周末双休 社保 全勤奖,1年经验 大专 招6人,少于50人
销售商务（均薪过万）,广州爱米信息科技有限公司,11250,广州-天河区,民营公司,员工旅游 年终奖金 弹性工作 带薪年假 节日福利 周末双休 社保 全勤奖,2年经验 大专 招12人,少于50人
审计员,天职国际会计师事务所（特殊普通合伙）,7000,广州-天河区,民营公司,五险一金 通讯补贴 定期体检 员工旅游 年终奖金,2年经验 本科 招3人,500-1000人
审计主管,华茂达投资股份有限公司,9000,广州-天河区,民营公司,周末双休 五险一金 年终奖金 专业培训 餐饮补贴 绩效奖金,5-7年经验 本科 招1人,1000-5000人
财务总监助理（培养方向：财务经理）,华茂达投资股份有限公司,15000,广州-天河区,民营公司,五险一金 餐饮补贴 季度调薪 年终奖金 周末双休,5-7年经验 本科 招1人,1000-5000人
财务总监/财务负责人,深圳南乔基金管理有限公司,18500,广州-天河区,合资,五险一金 股票期权 餐饮补贴 通讯补贴 绩效奖金 交通补贴 岗位晋升 管理规范,10年以上经验 本科 招1人,50-150人
基金运营专员,深圳南乔基金管理有限公司,12500,广州-天河区,合资,五险一金 股票期权 餐饮补贴 通讯补贴 绩效奖金 交通补贴 岗位晋升 管理规范,3-4年经验 本科 招1人,50-150人
注册会计师,广州弘森投资控股有限公司,29166,广州-黄埔区,民营公司,五险一金 年终奖金 周末双休 员工旅游 绩效奖金,3-4年经验 大专 招1人,50-150人
财务分析师（信息化方向）,三七互娱,22500,广州,上市公司,五险一金 员工旅游 餐饮补贴 专业培训 年终奖金 笔记本补贴 全勤奖 晋升空间 周末双休,3-4年经验 本科 招1人,1000-5000人
财务分析师（信息化方向）,三七互娱,17500,广州,上市公司,五险一金 员工旅游 餐饮补贴 专业培训 年终奖金 笔记本补贴 全勤奖 晋升空间 周末双休,3-4年经验 本科 招2人,1000-5000人
高级财务经理,三七互娱,42500,广州,上市公司,五险一金 员工旅游 餐饮补贴 年终奖金 笔记本补贴 全勤奖 周末双休 绩效奖金 带薪年假 补充医疗保险,8-9年经验 本科 招1人,1000-5000人
高级审计经理,大信会计师事务所（特殊普通合伙）广州分所,23000,广州-天河区,民营公司,绩效奖金 五险一金 通讯补贴 年终奖金 员工旅游 专业培训 弹性工作 餐饮补贴 交通补贴,5-7年经验 本科 招2人,150-500人
财务主管（社保、公积金、大小周）,广州唯非网络科技有限公司,9000,广州-白云区,民营公司,,5-7年经验 大专 招1人,少于50人
审计师,金发科技股份有限公司,12500,广州,上市公司,五险一金 绩效奖金 年终奖金 季度奖金 年度旅游 带薪年假 节日福利 包住宿 体检 周末双休,5-7年经验 本科 招若干人,5000-10000人
推广策划总监-前端,广州赛美优品生物科技有限公司,12500,广州-白云区,民营公司,,3-4年经验 大专 招若干人,少于50人
税务项目经理,海华税务师事务所有限公司,10500,广州,民营公司,带薪年假 周末双休 节日福利 专业培训 五险一金 补充医疗保险 定期体检 绩效奖金 年终奖金,5-7年经验 大专 招1人,500-1000人
投资经理,广州花城创业投资管理有限公司,18750,广州-天河区,民营公司,五险一金 补充医疗保险 餐饮补贴 通讯补贴 绩效奖金 年终奖金 定期体检 专业培训,3-4年经验 本科 招1人,少于50人
分析预算资深专员 (MJ001874),SHEIN,18500,广州-番禺区,民营公司,,在校生/应届生 本科 招2人,5000-10000人
分析预算资深专员 (MJ001874),SHEIN,18500,广州-番禺区,民营公司,,3-4年经验 本科 招2人,5000-10000人
核算资深总账会计 (MJ002789),SHEIN,18500,异地招聘,民营公司,,在校生/应届生 本科 招若干人,5000-10000人
核算高级总账会计 (MJ002787),SHEIN,12500,异地招聘,民营公司,,3-4年经验 本科 招若干人,5000-10000人
高级/资深总账会计 (MJ002777),SHEIN,14000,广州-番禺区,民营公司,,3-4年经验 本科 招若干人,5000-10000人
商务主管（Senior AM）,广州悠绿游信息技术有限公司,12500,广州-海珠区,外资（非欧美）,五险一金 弹性工作 周末双休 绩效奖金,2年经验 本科 招1人,少于50人
注册会计师,中科臻祺生物科技（广东）有限公司,11000,广州-天河区,民营公司,五险一金 周末双休 节日福利,5-7年经验 本科 招1人,少于50人
投资经理,中科臻祺生物科技（广东）有限公司,20000,广州-天河区,民营公司,,5-7年经验 本科 招若干人,少于50人
行业研究员,广州市双虎科技发展有限公司,19000,广州-天河区,民营公司,,2年经验 硕士 招1人,5000-10000人
推广经理,恒企教育,14000,广州,上市公司,,3-4年经验 本科 招1人,1000-5000人
总账助理经理,香港新世界集团成员-K11 Concepts Limited,17500,广州-天河区,外资（非欧美）,,5-7年经验 本科 招1人,150-500人
财务分析岗（预算管理）,广发银行股份有限公司信用卡中心,14583,广州,合资,五险一金 餐饮补贴 年终奖金 定期体检,2年经验 本科 招1人,10000人以上
财务计划与分析主任（决策支持）,广发银行股份有限公司信用卡中心,14583,广州,合资,五险一金 餐饮补贴 年终奖金 定期体检,2年经验 本科 招1人,10000人以上
公司秘书（会计师/律师）,广州恩飞投资有限公司,25000,广州-越秀区,民营公司,五险一金 餐饮补贴 补充医疗保险 补充公积金 专业培训 出国机会 员工旅游 绩效奖金 免费班车 年终奖金,3-4年经验 本科 招1人,500-1000人
财务主管/财务报告,广东久量股份有限公司,8000,广州-白云区,民营公司,五险 免费班车 员工旅游 年终奖金 绩效奖金 专业培训 免费三餐 免费空调宿舍 带薪年假 年终双薪,3-4年经验 本科 招1人,1000-5000人
高级会计（IP-CN） (MJ036762),金拱门（广州）数据处理服务有限公司,7500,广州-荔湾区,外资（欧美）,周末双休 节日福利 专业培训 氛围好 领导好 轮岗制度,5-7年经验 本科 招1人,150-500人
总账会计 (MJ037607),金拱门（广州）数据处理服务有限公司,6000,广州-荔湾区,外资（欧美）,周末双休 节日福利 专业培训 氛围好 领导好,1年经验 本科 招1人,150-500人
总账高级会计 (MJ037598),金拱门（广州）数据处理服务有限公司,8000,广州-荔湾区,外资（欧美）,周末双休 节日福利 专业培训 氛围好 领导好 轮岗制度,2年经验 本科 招1人,150-500人
总账会计 (MJ036341),金拱门（广州）数据处理服务有限公司,6000,广州-荔湾区,外资（欧美）,周末双休 节日福利 专业培训 氛围好 领导好 轮岗制度,在校生/应届生 本科 招1人,150-500人
内控管理岗,广州广汽租赁有限公司,9500,广州-海珠区,国企,五险一金 绩效奖金 年终奖金 定期体检 世界500强 专业培训 补充医疗保险 员工关怀,2年经验 本科 招1人,150-500人
机构审批专员,广州广汽租赁有限公司,12500,广州-海珠区,国企,五险一金 绩效奖金 年终奖金 定期体检 世界500强 专业培训 补充医疗保险 员工关怀,3-4年经验 本科 招3人,150-500人
内控经理,正佳企业集团有限公司,12500,广州,外资（欧美）,五险一金 员工旅游 专业培训 做五休二,5-7年经验 本科 招1人,500-1000人
财务副总监,正佳企业集团有限公司,22500,广州,外资（欧美）,五险一金 员工旅游 专业培训 做五休二,10年以上经验 本科 招1人,500-1000人
财务实习生,天健会计师事务所（特殊普通合伙）广东分所,1750,广州-黄埔区,民营公司,免费班车 弹性工作 交通补贴,在校生/应届生 本科 招3人,150-500人
成本会计,赛业（广州）生物科技有限公司,7000,广州,外资（欧美）,周末双休 带薪年假 节日福利 餐饮补贴 五险一金,2年经验 本科 招2人,150-500人
上市房地产财务经理,广州粤泰集团股份有限公司,17500,广州,上市公司,五险一金 年终奖金 交通补贴 通讯补贴 周末双休 节日补贴,5-7年经验 本科 招3人,500-1000人
文化投资管理,嘉凯城集团（上海）有限公司,12500,广州-天河区,上市公司,五险一金 员工旅游 餐饮补贴 专业培训 定期体检 年终奖金 绩效奖金,1年经验 本科 招10人,1000-5000人
并购融资岗,厦门国际银行股份有限公司珠海分行,33333,异地招聘,合资,五险一金 补充医疗保险 补充公积金 员工旅游 餐饮补贴 绩效奖金 年终奖金 弹性工作 定期体检 专业培训,2年经验 本科 招若干人,150-500人
中审网校考证辅导老师,广东中审软件技术有限公司,6000,广州-天河区,民营公司,周末双休 带薪年假 节日福利 五险,2年经验 本科 招2人,50-150人
财富顾问（广州黄埔大道西）,国盛证券有限责任公司,9000,广州,民营公司,五险一金 交通补贴 餐饮补贴 通讯补贴 弹性工作 年终奖金 定期体检 绩效奖金,1年经验 本科 招若干人,1000-5000人
财富顾问（广州番禺）,国盛证券有限责任公司,9000,广州,民营公司,五险一金 交通补贴 餐饮补贴 通讯补贴 弹性工作 年终奖金 定期体检 绩效奖金,1年经验 本科 招若干人,1000-5000人
财富顾问（广州机场路）,国盛证券有限责任公司,9000,广州-白云区,民营公司,五险一金 交通补贴 餐饮补贴 通讯补贴 弹性工作 年终奖金 定期体检 绩效奖金,3-4年经验 本科 招若干人,1000-5000人
财务经理,广州易达建信科技开发有限公司,12500,广州,民营公司,五险一金 周末双休 带薪年假 节日福利,5-7年经验 本科 招1人,150-500人
总账会计（双休+社保）,泽荔集团,7000,广州-天河区,民营公司,五险一金 员工旅游 年终奖金 带薪年假 绩效奖金 周末双休 出国机会,5-7年经验 大专 招1人,50-150人
财务经理（五险一金+周末双休）,泽荔集团,10000,广州-天河区,民营公司,五险一金 员工旅游 年终奖金 带薪年假 绩效奖金 周末双休 出国机会,8-9年经验 大专 招1人,50-150人
财务分析主管,骆驼服饰,10000,广州-白云区,民营公司,,3-4年经验 本科 招若干人,1000-5000人
财务预算分析主管,骆驼服饰,10000,广州-白云区,民营公司,,3-4年经验 本科 招若干人,1000-5000人
海外广告投放,广州叶子戏网络科技有限公司,8500,广州-天河区,民营公司,五险一金 包餐 下午茶 团建 旅游 体检,1年经验 本科 招1人,少于50人
股权投资专员,广东鸿发投资集团有限公司,7000,异地招聘,民营公司,五险一金 定期体检 专业培训 绩效奖金 年终奖金 员工旅游 交通补贴 通讯补贴 餐饮补贴,招1人,1000-5000人
私人银行家,好买财富管理股份有限公司,25000,广州,民营公司,五险一金 员工旅游 绩效奖金 专业培训 定期体检,8-9年经验 大专 招2人,500-1000人
财务副总监,杰创智能科技股份有限公司,32500,广州-黄埔区,上市公司,五险一金 餐饮补贴 年终奖金 绩效奖金 股票期权 定期体检,10年以上经验 本科 招1人,500-1000人
内审主任,赫基集团－总部,10000,广州-天河区,外资（非欧美）,五险一金 绩效奖金 年终奖金 定期体检 专业培训,在校生/应届生 本科 招1人,500-1000人
高级内审主任,赫基集团－总部,15000,广州-天河区,外资（非欧美）,五险一金 绩效奖金 年终奖金 定期体检 专业培训,在校生/应届生 本科 招1人,500-1000人
内审内控经理,广州速道信息科技有限公司,22500,广州-海珠区,民营公司,餐饮补贴 绩效奖金 带薪年假 社保,5-7年经验 本科 招1人,1000-5000人
财务报告经理,广州速道信息科技有限公司,25000,广州-海珠区,民营公司,餐饮补贴 五险一金 周末双休,5-7年经验 本科 招1人,1000-5000人
财务经理,丰乐集团,20000,广州-增城区,民营公司,员工旅游 定期体检 专业培训 绩效奖金 年终奖金 提供食宿 节日福利 六险一金 免息房贷,5-7年经验 本科 招1人,500-1000人
税务经理,丰乐集团,20000,广州-增城区,民营公司,补充医疗保险 员工旅游 通讯补贴 定期体检 专业培训 绩效奖金 年终奖金 五险一金 提供食宿,5-7年经验 本科 招1人,500-1000人
审计经理,丰乐集团,22500,广州-增城区,民营公司,补充医疗保险 员工旅游 餐饮补贴 通讯补贴 定期体检 专业培训 绩效奖金 年终奖金 五险,5-7年经验 本科 招1人,500-1000人
财务会计经理,小高德（广州）置业有限公司,17500,广州-天河区,外资（非欧美）,五险一金 周末双休 绩效奖金,5-7年经验 本科 招1人,1000-5000人
战略投资部实习生,广东云下汇金科技有限公司,2500,广州-海珠区,民营公司,五险一金 交通补贴 通讯补贴 绩效奖金 年终奖金 弹性工作 专业培训 做五休二 周末双休 带薪年假,在校生/应届生 本科 招1人,150-500人
融资租赁高级客户经理-医疗健康-广州,远东国际融资租赁有限公司,54166,广州,上市公司,五险一金 补充公积金 专业培训 绩效奖金 股票期权 定期体检,5-7年经验 本科 招若干人,10000人以上
Global Costing Controller/全球成本控制经理,Guangzhou Andala Co.ltd.,35000,广州,外资（欧美）,五险一金 餐饮补贴 专业培训 出国机会 绩效奖金 年终奖金,10年以上经验 本科 招1人,500-1000人
Senior Internal Audit Supervisor/高级审计主管,Guangzhou Andala Co.ltd.,17500,广州,外资（欧美）,五险一金 餐饮补贴 专业培训 出国机会 绩效奖金 年终奖金,5-7年经验 本科 招3人,500-1000人
Tax Manager/集团税务经理-国际四大会计事务所优先,Guangzhou Andala Co.ltd.,29166,广州,外资（欧美）,,3-4年经验 本科 招1人,500-1000人
Audit Manager 集团审计经理-国际四大会计事务所优先,Guangzhou Andala Co.ltd.,35000,广州,外资（欧美）,,8-9年经验 本科 招1人,500-1000人
棋牌商务主管,吉林省中顺网络科技有限公司广州分公司,17500,广州-天河区,民营公司,,2年经验 本科 招1人,150-500人
手游商务专员,吉林省中顺网络科技有限公司广州分公司,8000,广州-天河区,民营公司,,2年经验 本科 招若干人,150-500人
手游商务主管/经理,吉林省中顺网络科技有限公司广州分公司,17500,广州-天河区,民营公司,,2年经验 本科 招1人,150-500人
管理咨询经理,天职国际会计师事务所（特殊普通合伙）,20833,广州-天河区,民营公司,周末双休 带薪年假 五险一金 节日福利 绩效奖金 通讯补贴,5-7年经验 本科 招1人,500-1000人
高级咨询顾问,天职国际会计师事务所（特殊普通合伙）,14583,广州-天河区,民营公司,五险一金 通讯补贴 专业培训 定期体检 绩效奖金,5-7年经验 本科 招若干人,500-1000人
财务总监,天地壹号饮料股份有限公司,60000,广州,上市公司,绩效奖金 节日福利 五险一金 定期体检 员工旅游 包住,8-9年经验 本科 招1人,10000人以上
投后管理岗,广州市增城区城市建设投资集团有限公司,25000,广州-增城区,国企,周末双休 带薪年假 五险一金 绩效奖金 节日福利 高温补贴,3-4年经验 本科 招1人,500-1000人
投资经理,沈阳产业技术研究院,20000,异地招聘,事业单位,五险一金 补充医疗保险 企业年金,2年经验 本科 招若干人,50-150人
会计,恒可富企业咨询服务（上海）有限公司,7000,广州-天河区,外资（欧美）,做五休二 周末双休 带薪年假 通讯补贴,3-4年经验 本科 招1人,50-150人
内控主管,万菱实业（广东）有限公司,14000,广州-天河区,合资,五险一金 节日福利 高温补贴 通讯补贴 加班补贴 带薪年假 弹性工作 年终绩效奖,3-4年经验 本科 招1人,50-150人
直营费用会计（急招）,蓝月亮（中国）有限公司,5500,广州-黄埔区,外资（非欧美）,周末双休 带薪年假 五险一金 包住宿 免费班车,无需经验 本科 招1人,10000人以上
APP渠道推广,广州邢帅教育科技有限公司,7000,广州-番禺区,上市公司,六险一金 绩效奖金 餐饮补贴 专业培训,1年经验 招1人,500-1000人
财务经理（广州各区）,宝能汽车销售有限公司,12500,广州-荔湾区,民营公司,五险一金 绩效奖金 餐饮补贴 专业培训 节日福利,3-4年经验 本科 招6人,1000-5000人
内审师,国光电器股份有限公司,10000,广州,上市公司,五险一金 免费班车 员工旅游 专业培训 年终奖金 定期体检 包住,3-4年经验 本科 招1人,5000-10000人
财务副经理,广州四九游网络科技有限公司,12500,广州-天河区,民营公司,做五休二 周末双休 弹性工作 带薪年假 五险一金 专业培训 节日福利 全勤奖 绩效奖金 餐饮补贴,5-7年经验 本科 招2人,150-500人
财务中心总经理,广州资源投资集团有限公司,45833,广州,民营公司,五险一金 餐饮补贴 绩效奖金 定期体检 股票期权,10年以上经验 本科 招1人,500-1000人
财务实施顾问,广州必云信息科技有限责任公司,8000,广州-天河区,民营公司,五险一金 交通补贴 绩效奖金 定期体检 年终奖金 员工旅游,3-4年经验 本科 招5人,50-150人
财务分析高级咨询顾问,广州必云信息科技有限责任公司,12500,广州-天河区,民营公司,五险一金 交通补贴 绩效奖金 定期体检 年终奖金 员工旅游,3-4年经验 本科 招5人,50-150人
高级财务分析项目总监,广州必云信息科技有限责任公司,17500,广州-天河区,民营公司,五险一金 交通补贴 绩效奖金 定期体检 年终奖金 员工旅游,5-7年经验 本科 招2人,50-150人
财务经理,广东奥园商业地产集团有限公司,15000,广州-番禺区,上市公司,五险一金 年终奖金 定期体检 专业培训 通讯补贴 绩效奖金,5-7年经验 本科 招1人,1000-5000人
税务咨询师,创扶科技有限公司,12500,广州-黄埔区,合资,五险一金 专业培训 绩效奖金 年终奖金,3-4年经验 大专 招若干人,50-150人
财务经理（行政方向）,蓝月亮（中国）有限公司,40000,广州-黄埔区,外资（非欧美）,,5-7年经验 本科 招1人,10000人以上
财务报告经理(J10014),汤臣倍健股份有限公司,33500,广州-黄埔区,民营公司,五险一金 餐饮补贴 专业培训 绩效奖金 弹性工作 定期体检,5-7年经验 本科 招1人,1000-5000人
财务报告主管(J10170),汤臣倍健股份有限公司,14583,广州-黄埔区,民营公司,五险一金 餐饮补贴 专业培训 绩效奖金 弹性工作 定期体检,3-4年经验 本科 招1人,1000-5000人
财务实施项目总监（高薪诚聘）,广州必云信息科技有限责任公司,16000,广州-天河区,民营公司,五险一金 交通补贴 绩效奖金 定期体检 年终奖金 员工旅游,5-7年经验 本科 招2人,50-150人
信息流APP推广 X,广东德邦教育科技有限公司,17500,广州-海珠区,创业公司,带薪年假 五险一金 绩效奖金 节日福利 专业培训 全勤奖,1年经验 大专 招5人,50-150人
财务经理,和黄健宝保健品有限公司,17500,广州-白云区,外资（非欧美）,,3-4年经验 本科 招若干人,少于50人
Deputy Finance Manager,和黄健宝保健品有限公司,12500,广州,外资（非欧美）,五险一金 补充医疗保险 定期体检,3-4年经验 本科 招若干人,少于50人
Internal control and Compliance Supervisor/manager,和黄健宝保健品有限公司,14000,广州-白云区,外资（非欧美）,,3-4年经验 本科 招1人,少于50人
高级财务经理,雅居乐雅城集团,22500,广州,民营公司,餐饮补贴 专业培训 周末双休 带薪年假 五险一金,8-9年经验 本科 招1人,1000-5000人
渠道经理,广州市丰申网络科技有限公司,9500,广州-天河区,民营公司,周末双休 绩效奖金 年终双薪 员工旅游 定期体检 带薪休假 节日福利 团队聚餐 五险一金 弹性工作,3-4年经验 本科 招1人,50-150人
Fund Accountant,广州百顺科技有限公司,7000,广州-越秀区,民营公司,国际经验 五险一金 补充公积金 专业培训 定期体检 年终奖金,1年经验 本科 招3人,少于50人
基金会计（海外基金）,广州百顺科技有限公司,7000,广州-越秀区,民营公司,国际经验 五险一金 专业培训 定期体检 年终奖金 带薪年假 团队优秀 朝阳行业,1年经验 本科 招3人,少于50人
海外基金会计,广州百顺科技有限公司,7000,广州-越秀区,民营公司,国际经验 五险一金 补充公积金 专业培训 股票期权 定期体检 年终奖金,1年经验 本科 招若干人,少于50人
税务主任,蓝月亮（中国）有限公司,15000,广州-黄埔区,外资（非欧美）,五险一金 餐饮补贴 绩效奖金 带薪年假 包住宿,3-4年经验 本科 招1人,10000人以上
电商财务经理,广州阿道夫个人护理用品有限公司,17500,广州-白云区,民营公司,五险一金 员工旅游 绩效奖金 年终奖金 专业培训 下午茶 餐饮补贴 通讯补贴 定期体检,3-4年经验 本科 招1人,500-1000人
广惠深区域-高级财务经理,广州市方圆房地产发展有限公司,22500,广州-天河区,外资（非欧美）,员工旅游 专业培训 包吃 五险一金 餐饮补贴 定期体检 年终奖金,无需经验 本科 招1人,1000-5000人
项目财务经理,广东新大禹环境科技股份有限公司,12500,广州-黄埔区,民营公司,周末双休 带薪年假 五险一金 节日福利 绩效奖金 通讯补贴,5-7年经验 本科 招1人,500-1000人
财务实习生-储干,广州棒谷科技股份有限公司,4500,广州-白云区,民营公司,五险一金 专业培训 免费班车 弹性工作 餐饮补贴 绩效奖金,无需经验 本科 招1人,5000-10000人
票据投资交易岗,广发证券股份有限公司,22500,广州-天河区,上市公司,,1年经验 硕士 招1人,10000人以上
投资集团总部--投资助理,广州华美物业管理有限公司,8000,广州-天河区,民营公司,五险一金 定期体检 带薪年假 节假日津贴 绩效奖金 住房补贴 通讯补贴 年度旅游 周末双休 包吃,无需经验 硕士 招1人,50-150人
高级国际会计,广州市百果园网络科技有限公司,17500,广州-番禺区,上市公司,餐饮补贴 年终奖金 弹性工作 定期体检,5-7年经验 本科 招1人,5000-10000人
区域财务BP,广州市百果园网络科技有限公司,20000,广州-番禺区,上市公司,餐饮补贴 年终奖金 弹性工作 定期体检,3-4年经验 本科 招2人,5000-10000人
财务分析及报告专员 (MJ002375),广州市百果园网络科技有限公司,11500,广州-番禺区,上市公司,餐饮补贴 年终奖金 弹性工作 定期体检,在校生/应届生 本科 招1人,5000-10000人
高级国际会计 （Reporting方向） (MJ002385),广州市百果园网络科技有限公司,15000,广州-番禺区,上市公司,餐饮补贴 年终奖金 弹性工作 定期体检,在校生/应届生 本科 招1人,5000-10000人
消费、医药行业研究员,广州市圆石投资管理有限公司,20000,广州-天河区,民营公司,,2年经验 本科 招2人,少于50人
店长/储备店长（客村店）,去K书全国连锁专业自习中心,9000,广州-海珠区,民营公司,五险一金 绩效奖金 节日福利 专业培训 加班补贴,1年经验 大专 招3人,50-150人
风控专员,韩国瓷肌中国区公司,11500,广州-天河区,民营公司,五险一金 出国机会 专业培训 定期体检 员工旅游 带薪年假,3-4年经验 本科 招1人,500-1000人
审计项目助理,容诚会计师事务所（特殊普通合伙）广州分所,7500,广州-天河区,民营公司,五险一金 补充医疗保险 员工旅游 交通补贴 通讯补贴 专业培训 年终奖金 定期体检,招若干人,50-150人
SEM/大搜/教育行业X,广东德邦教育科技有限公司,14000,广州-海珠区,创业公司,带薪年假 五险一金 绩效奖金 节日福利 专业培训 全勤奖,1年经验 大专 招2人,50-150人
SEM/项目经理/信息流/优化师X,广东德邦教育科技有限公司,14000,广州-海珠区,创业公司,带薪年假 五险一金 绩效奖金 节日福利 专业培训 团建 加班补贴,1年经验 大专 招2人,50-150人
财务主管,广州畅途汽车技术开发有限公司,10000,广州-天河区,民营公司,五险一金 绩效奖金 年终奖金 专业培训 团队聚餐 团队活动 公司氛围 年轻化团队 定期体检 餐饮补贴,5-7年经验 本科 招若干人,500-1000人
学业规划顾问（广佛各门店）,去K书全国连锁专业自习中心,9000,广州-天河区,民营公司,五险一金 绩效奖金 专业培训 晋升空间大 期权激励,2年经验 本科 招5人,50-150人
销售主管（广佛区域）,去K书全国连锁专业自习中心,9000,广州-天河区,民营公司,五险一金 交通补贴 绩效奖金 专业培训 包住宿 加班补贴,2年经验 大专 招5人,50-150人
销售顾问（广州及佛山地区门店）,去K书全国连锁专业自习中心,7000,广州-天河区,民营公司,五险一金 绩效奖金 专业培训 晋升空间大 期权激励,1年经验 大专 招4人,50-150人
投行业务岗,广发证券股份有限公司,25000,异地招聘,上市公司,绩效奖金 带薪年假 公司规模大 管理规范 五险一金 上市公司,2年经验 硕士 招若干人,10000人以上
投行内核岗,广发证券股份有限公司,45833,广州-天河区,上市公司,,3-4年经验 硕士 招若干人,10000人以上
稽核业务岗,广发证券股份有限公司,25000,广州-天河区,上市公司,绩效奖金 带薪年假 公司规模大 管理规范 五险一金 上市公司,2年经验 硕士 招若干人,10000人以上
财会培训讲师,深圳市升学文化传播有限公司,9000,广州,民营公司,五险一金 绩效奖金 全勤奖 节日福利 带薪年假 专业培训,2年经验 大专 招3人,1000-5000人
财务分析（财务BP）,广州棒谷科技股份有限公司,9500,广州-白云区,民营公司,五险一金 专业培训 免费班车 弹性工作 餐饮补贴 绩效奖金,无需经验 本科 招1人,5000-10000人
预算经理,恒企教育,20500,广州,上市公司,,5-7年经验 本科 招1人,1000-5000人
课程策划,恒企教育,9500,广州,上市公司,,1年经验 本科 招1人,1000-5000人
高级理财经理/私人银行理财经理,中天汇富基金管理有限公司,54166,广州-天河区,合资,五险一金 员工旅游 出国机会 绩效奖金 股票期权 弹性工作 定期体检,3-4年经验 大专 招3人,150-500人
财务经理,广东奥园城市更新集团有限公司,29166,广州-花都区,上市公司,五险一金 补充医疗保险 补充公积金 员工旅游 交通补贴 餐饮补贴 通讯补贴 绩效奖金 年终奖金 定期体检,5-7年经验 本科 招1人,150-500人
合伙人/副总裁（PE/VC）,城开海纳（平潭）资产管理有限公司,83333,广州,合资,,10年以上经验 本科 招2人,150-500人
主管会计（投资方向）,时代中国广州公司（东区）,10000,广州-越秀区,民营公司,五险一金 绩效奖金 年终奖金 专业培训 定期体检 交通补贴 餐饮补贴 通讯补贴 补充医疗保险 免费班车,3-4年经验 本科 招1人,1000-5000人
主管会计（投资税务方向）,时代中国广州公司（东区）,13333,广州-越秀区,民营公司,五险一金 出国机会 年终奖金 绩效奖金 员工旅游 交通补贴 免费班车 餐饮补贴 通讯补贴 专业培训,本科 招1人,1000-5000人
财务主任（投资税务方向）,时代中国广州公司（东区）,20833,广州-越秀区,民营公司,五险一金 出国机会 年终奖金 绩效奖金 员工旅游 交通补贴 免费班车 餐饮补贴 通讯补贴 专业培训,本科 招1人,1000-5000人
财务报告主管/经理 (MJ000747),广州荔支网络技术有限公司,25000,广州-天河区,上市公司,员工旅游 免费三餐 绩效奖金 定期体检 专业培训 弹性工作 六险一金,5-7年经验 本科 招1人,500-1000人
投资助理,甲乙丙资产管理有限公司,7000,广州-天河区,民营公司,五险一金 补充医疗保险 绩效奖金 专业培训 定期体检 弹性工作 员工旅游 交通补贴,1年经验 硕士 招若干人,150-500人
运营经理（投后管理）,甲乙丙资产管理有限公司,22500,广州-天河区,民营公司,五险一金 补充医疗保险 绩效奖金 专业培训 定期体检 弹性工作 员工旅游 交通补贴,5-7年经验 本科 招1人,150-500人
财务分析主管,侨银环保科技股份有限公司,10000,广州-天河区,民营公司,五险一金 员工旅游 专业培训 绩效奖金 定期体检 节假日福利,5-7年经验 本科 招1人,10000人以上
财务经理,东莞市民盈房地产开发有限公司,15000,异地招聘,民营公司,餐饮补贴 专业培训 绩效奖金 年终奖金 五险一金 带薪年假 包住宿 节日福利,8-9年经验 本科 招1人,500-1000人
财务管理中心总监（财务负责人）,广州联鸿实业投资有限公司,62500,广州-海珠区,民营公司,五险一金 交通补贴 餐饮补贴 通讯补贴 定期体检 员工旅游 专业培训 绩效奖金 年终奖金,10年以上经验 本科 招1人,1000-5000人
集团财务总监,广州联鸿实业投资有限公司,52083,广州-海珠区,民营公司,五险一金 交通补贴 餐饮补贴 通讯补贴 定期体检 员工旅游 专业培训 绩效奖金 年终奖金,10年以上经验 本科 招1人,1000-5000人
投资经理（南新创投）,广东南方新媒体股份有限公司,17500,广州,国企,五险一金 绩效奖金 年终奖金 定期体检 专业培训 通讯补贴 员工旅游,3-4年经验 本科 招若干人,150-500人
注册会计师,北京华审会计师事务所有限公司广东分所,17500,广州-天河区,民营公司,专业培训 五险一金 补充医疗保险 员工旅游 年终奖金,3-4年经验 本科 招若干人,50-150人
ERP项目经理,用友金融信息技术股份有限公司,11500,广州,上市公司,五险一金 餐饮补贴 定期体检 通讯补贴 专业培训 交通补贴 员工旅游 年终奖金,3-4年经验 本科 招若干人,10000人以上
ERP实施（广州非银）,用友金融信息技术股份有限公司,11500,广州,上市公司,五险一金 餐饮补贴 定期体检 通讯补贴 专业培训 交通补贴 员工旅游 年终奖金,3-4年经验 本科 招若干人,10000人以上
财务经理（广纳金服）,广东粤港澳大湾区国家纳米科技创新研究院,17500,广州-黄埔区,事业单位,五险一金 年终奖金 绩效奖金 专业培训,5-7年经验 本科 招1人,1000-5000人
财务分析经理,广州小卫科技有限公司,17500,广州-海珠区,外资（非欧美）,带薪年假 五险一金 加班补贴 节日福利 绩效奖金 专业培训 周末双休 弹性工作,5-7年经验 本科 招1人,150-500人
债务重组项目律师,广州中科北斗网络技术有限公司,60000,广州,民营公司,五险一金 专业培训 绩效奖金 员工旅游 年终奖金 弹性工作 定期体检,10年以上经验 本科 招10人,50-150人
高级投资经理（债务重组）,广州中科北斗网络技术有限公司,60000,广州,民营公司,五险一金 专业培训 绩效奖金 员工旅游 年终奖金 弹性工作 定期体检,10年以上经验 本科 招10人,50-150人
注册会计师（增城）,广东诚安信会计师事务所有限公司,7000,广州-天河区,民营公司,餐饮补贴 通讯补贴 员工旅游 年终奖金 交通补贴,1年经验 本科 招3人,150-500人
上市地产财务总监,广州粤泰集团股份有限公司,85000,广州,上市公司,五险一金 带薪年假 通讯补贴 节日福利,10年以上经验 本科 招若干人,500-1000人
财务总监,广州粤泰集团股份有限公司,85000,广州,上市公司,五险一金 带薪年假 通讯补贴 节日福利,10年以上经验 本科 招若干人,500-1000人
注册会计师（部门经理）,广州市博速信息科技有限公司,58333,广州,民营公司,弹性工作 年终奖金 专业培训 社保 员工旅游 通讯补贴 定期体检,5-7年经验 本科 招3人,50-150人
财务副总,广州市昊志机电股份有限公司,58333,广州-黄埔区,上市公司,五险一金 补充医疗保险 交通补贴 年终奖金 绩效奖金,10年以上经验 本科 招1人,1000-5000人
成本会计,恒大新能源汽车集团,1750,广州-南沙区,民营公司,五险一金 绩效奖金 年终奖金 餐饮补贴 员工旅游 定期体检,5-7年经验 本科 招1人,1000-5000人
财务预算经理,前海新华康金融控股（深圳）有限公司,17500,广州-黄埔区,民营公司,五险一金 绩效奖金 年终奖金 定期体检 周末双休 股票期权 专业培训 通讯补贴,8-9年经验 本科 招1人,10000人以上
财务部总经理,前海新华康金融控股（深圳）有限公司,30000,广州-黄埔区,民营公司,五险一金 补充医疗保险 专业培训 绩效奖金 定期体检 节日福利 商业保险 内部编制 周末双休 带薪年假,10年以上经验 本科 招1人,10000人以上
预算会计,前海新华康金融控股（深圳）有限公司,7000,广州-黄埔区,民营公司,五险一金 补充医疗保险 专业培训 绩效奖金 定期体检 节日福利 商业保险 内部编制 周末双休 带薪年假,3-4年经验 本科 招若干人,10000人以上
