核算税务管理师,广东广深沿江高速公路有限公司,9000,异地招聘,民营公司,五险一金 包住宿 包三餐 节日福利,2年经验 本科 招1人,500-1000人
税务管理培训生（2021届） (MJ002160),SHEIN,9000,广州-番禺区,民营公司,,在校生/应届生 本科 招1人,5000-10000人
税务管理管培生,贵州小糊涂仙酒业有限公司,6000,广州-天河区,民营公司,五险一金 通讯补贴 餐饮补贴 绩效奖金 年终奖金 定期体检,在校生/应届生 本科 招若干人,1000-5000人
税务管理岗,广州王老吉大健康产业有限公司,5250,广州-天河区,国企,五险一金 餐饮补贴 年终奖金 定期体检 通讯补贴 包住,3-4年经验 本科 招若干人,10000人以上
税务管理经理,天狮集团有限公司,17500,异地招聘,民营公司,五险一金 免费班车 通讯补贴 绩效奖金 定期体检,5-7年经验 本科 招1人,500-1000人
会计主管,广州小柒生物技术有限公司,6000,广州-越秀区,民营公司,,5-7年经验 大专 招1人,少于50人
外账会计,广州诚丰信企业服务有限公司,5250,广州-白云区,民营公司,五险一金 员工旅游 专业培训 绩效奖金 年终奖金 节日福利 全勤奖 带薪年假,2年经验 大专 招5人,50-150人
税务经理,雪松控股集团-雪松大宗商品供应链集团,17500,广州-黄埔区,民营公司,绩效奖金 年终奖金 交通补贴 通讯补贴 五险一金,10年以上经验 本科 招1人,1000-5000人
跨境电商/财务经理（大小周+朝九晚六）,青为国际贸易（广州）有限公司,16000,广州-白云区,民营公司,,5-7年经验 本科 招1人,少于50人
财务会计（工程建筑  双休）,福建省锦秋建筑工程有限公司广州分公司,12500,广州,民营公司,五险一金 员工旅游 通讯补贴 绩效奖金,8-9年经验 大专 招1人,150-500人
财务经理,汇智国际旅游发展有限公司,12500,广州,合资,带薪年假 五险一金 全勤奖 绩效奖金 专业培训,8-9年经验 本科 招1人,50-150人
财务经理,广州酒家集团利口福食品有限公司,17500,广州,国企,五险一金 包吃 免费班车 节日福利 提供住宿,5-7年经验 本科 招1人,1000-5000人
财务主管,广州市凯泽利科技有限公司,5500,广州-天河区,民营公司,五险一金 员工旅游 周末双休 交通补贴 餐饮补贴 通讯补贴 专业培训,5-7年经验 本科 招1人,50-150人
税筹主管,广州云联科技开发有限公司,10500,广州-花都区,民营公司,五险一金 绩效奖金 年终奖金 员工旅游 全勤奖 带薪年假 节日福利 下午茶,3-4年经验 本科 招1人,50-150人
财务文员,广州市潋江电子有限责任公司,4750,广州-黄埔区,民营公司,做五休二 带薪年假 五险一金 绩效奖金 全勤奖 通讯补贴 下午茶福利 定期体检 年终奖金 节日福利,1年经验 中专 招1人,50-150人
财务经理,广东元德坤投资控股有限公司,11500,广州-番禺区,民营公司,,10年以上经验 本科 招1人,少于50人
总账会计,广西南宁绿田园农业科技有限公司,5750,广州,民营公司,购买五险 绩效奖金 带薪年假 专业培训 意外险,3-4年经验 招1人,150-500人
总账会计,广东南方东海钢铁有限公司,9000,异地招聘,民营公司,,5-7年经验 大专 招1人,1000-5000人
财务经理(百容),广东海大集团股份有限公司,7000,异地招聘,上市公司,五险一金 通讯补贴 专业培训 年终奖金 绩效奖金 包吃包住 节日福利,2年经验 本科 招1人,10000人以上
工程财务,广东润威建设工程有限公司,7000,广州-天河区,民营公司,五险一金 国家法定假日 餐饮补贴,3-4年经验 大专 招2人,50-150人
税务主管,固生堂中医连锁集团,11500,广州,民营公司,五险一金 员工旅游 专业培训 定期体检,3-4年经验 本科 招1人,1000-5000人
天河区急聘会计（双休）,广州元通网络科技有限公司,4500,广州-天河区,民营公司,员工旅游 五险一金 补充公积金 交通补贴 专业培训 绩效奖金 年终奖金 弹性工作,2年经验 大专 招1人,少于50人
成本税务会计,广东亮健好药房连锁有限公司,5500,广州-越秀区,民营公司,五险 全勤奖 节日福利 年终奖金 绩效奖金 专业培训 定期生日会 下午茶 员工旅游 弹性工作,3-4年经验 大专 招1人,500-1000人
注册会计师/税务师（项目合作）,广州睿驰明雅管理咨询有限公司,37500,广州-越秀区,民营公司,项目合作 成为合伙人 年薪百万 不用坐班,10年以上经验 本科 招若干人,50-150人
项目全盘会计,远洋集团-华南事业部,12500,广州-天河区,上市公司,五险一金 餐饮补贴 补充医疗保险 绩效奖金 年终奖金,2年经验 本科 招若干人,150-500人
财务副经理,中科检测技术服务（广州）股份有限公司,18750,广州-天河区,国企,带薪年假 节日福利 专业培训 餐饮补贴 企业年金 绩效奖金 定期体检 晋升通畅 重点项目 六险两金,3-4年经验 本科 招1人,500-1000人
税务核算总监,广州润城实业集团有限公司,17500,广州-天河区,民营公司,五险一金 员工旅游 定期体检 交通补贴 通讯补贴 专业培训 过节费 高温补贴,5-7年经验 本科 招1人,500-1000人
总帐会计,创合环保科技（广州）有限公司,7000,广州-白云区,民营公司,,8-9年经验 本科 招1人,少于50人
财务经理,广州谷雨生物科技有限公司,17500,广州,民营公司,五险一金 绩效奖金 年终奖金 员工旅游 定期体检 周末双休,5-7年经验 本科 招1人,150-500人
跨境电商财务经理,广州广尔数码供应链集团股份有限公司,12500,广州-天河区,上市公司,做五休二 周末双休 带薪年假 五险一金 绩效奖金 通讯补贴 节日福利 专业培训,3-4年经验 本科 招1人,150-500人
税务主管,广州滴普科技有限公司,12500,广州-海珠区,民营公司,五险一金 交通补贴 弹性工作 节日福利 生日福利 团队活动,3-4年经验 本科 招1人,500-1000人
财务总监,广州元通电子商务科技有限公司,30000,广州,民营公司,五险一金 定期体检 餐饮补贴 年终奖金 专业培训 周末双休 节日福利,5-7年经验 本科 招1人,少于50人
财务顾问（中级证）,正誉财税顾问（广州）有限公司,12500,广州-荔湾区,民营公司,五险一金 出国机会 交通补贴 年终奖金 股票期权 通讯补贴 绩效奖金 员工旅游,5-7年经验 大专 招1人,150-500人
资深财税顾问（集团急聘）,正誉企业管理(广东)集团股份有限公司,12500,广州-荔湾区,民营公司,员工旅游 绩效奖金 年终奖金 周末双休 带薪年假 全勤奖 节日福利 专业培训 高温补贴 通讯补贴,5-7年经验 大专 招1人,150-500人
财务专员,广州翰德源善医药科技有限公司,6000,广州-天河区,民营公司,,在校生/应届生 本科 招2人,50-150人
税务会计,广州素萃化妆品有限公司,8000,广州-白云区,民营公司,,3-4年经验 大专 招1人,500-1000人
财务经理,广州中友信息科技有限公司,30000,广州-天河区,民营公司,,5-7年经验 大专 招1人,50-150人
财务储干（广州）,深圳市富安娜家居用品股份有限公司,5250,广州,上市公司,,大专 招5人,
财务经理,广州喜漾新媒体科技有限公司,12500,广州-海珠区,民营公司,五险一金 出国机会 绩效奖金 年终奖金 员工旅游 定期体检,5-7年经验 大专 招若干人,50-150人
财税筹划主管,广东快商科技有限公司,25000,广州-海珠区,民营公司,绩效奖金 年终奖金 全勤奖 股权激励 五险,3-4年经验 大专 招2人,50-150人
财务主管/经理（制造业）,筑友智造建设科技集团有限公司广东分公司,15000,广州-番禺区,民营公司,包住宿 节日福利 餐饮补贴 高温补贴 五险一金 通讯补贴 绩效奖金 定期体检 年终奖金,5-7年经验 本科 招1人,
资深税务专员,广州速贸天下科技有限公司,7000,广州-白云区,民营公司,带薪年假 全勤奖 节日福利 绩效奖金 弹性工作 通讯补贴 工龄奖 五险 年终奖金,5-7年经验 大专 招1人,50-150人
成本会计,广州市华南农大生物药品有限公司,7000,广州-增城区,上市公司,带薪年假 五险一金 通讯补贴 年终奖金 餐饮补贴 补充医疗保险 定期体检 员工旅游 弹性工作 周末双休,2年经验 本科 招1人,150-500人
财务审计副经理/经理,广东华标创业集团有限公司,11500,广州,民营公司,,5-7年经验 本科 招1人,150-500人
财务经理,广东天穗律师事务所,12500,广州-天河区,民营公司,,5-7年经验 本科 招1人,150-500人
财务主管,广州童湾科技有限公司,8000,广州-黄埔区,外资（非欧美）,年终奖金 五险，双休 加班补贴 带薪年假,3-4年经验 大专 招1人,50-150人
会计（国机密封）,国机智能科技有限公司,8000,广州-黄埔区,国企,带薪年假 包吃 六险二金 经营奖金 住房补贴 加班补贴 交通补贴 专业培训 节日福利,2年经验 本科 招1人,1000-5000人
货代财务总监,卓志供应链集团,20500,广州-黄埔区,民营公司,周末双休 带薪年假 五险一金 绩效奖金 节日福利 高温补贴 定期体检,5-7年经验 本科 招1人,1000-5000人
财务经理,广东意高能源科技股份有限公司,12500,广州-番禺区,民营公司,五险一金 绩效奖金 年终奖金 股票期权 周末双休,10年以上经验 本科 招1人,150-500人
财务经理,广州奥盛电子科技有限公司,16500,广州-天河区,民营公司,员工旅游 餐饮补贴 通讯补贴 出国机会 专业培训 绩效奖金 年终奖金,5-7年经验 本科 招1人,150-500人
分公司财务经理（外派海南）,华海鹏城酒业（集团）有限公司,12500,异地招聘,民营公司,五险一金 绩效奖金 年终奖金 定期体检 专业培训 弹性工作 交通补贴,3-4年经验 大专 招若干人,500-1000人
会计,广东大鼎建设工程有限公司,5250,广州-天河区,民营公司,年终奖金 员工旅游 社保 节日礼金,大专 招若干人,50-150人
财务主管,猫王（广东）互联网科技有限公司,5500,广州-黄埔区,民营公司,全勤奖 节日福利 交通补贴 加班补贴 五险一金 单休 员工旅游 出国机会 通讯补贴 弹性工作,1年经验 大专 招若干人,50-150人
财务总监,广东杉木药业有限公司,22500,广州,民营公司,五险一金 员工旅游 绩效奖金 周末双休 带薪年假 节日福利,3-4年经验 大专 招1人,150-500人
财务经理/主管,保利和乐教育华南公司,10000,广州-海珠区,国企,五险一金 交通补贴 通讯补贴 定期体检 年终奖金 员工旅游 节日福利 带薪年假,3-4年经验 本科 招1人,150-500人
财务专员,广州云印信息科技有限公司,5250,广州-黄埔区,民营公司,员工旅游 餐饮补贴 出国机会 年终奖金 弹性工作 专业培训 五险,1年经验 大专 招1人,50-150人
财务助理/财务文员,广州恒格塑料制品有限公司,4250,广州-黄埔区,民营公司,五险一金 全勤奖 绩效奖金 节日福利 餐饮补贴 专业培训 带薪年假 包吃,1年经验 本科 招1人,少于50人
税务经理,荔园地产,17500,广州-番禺区,民营公司,五险 餐饮补贴 通讯补贴 提供住宿,3-4年经验 本科 招1人,150-500人
财务经理/财务主管,广东宇基建设工程有限公司,11500,广州-番禺区,民营公司,五险一金 包住宿 包吃 升职加薪 上升空间,5-7年经验 大专 招1人,150-500人
财务主管/经理,广州捷和电子科技有限公司,11500,广州-荔湾区,民营公司,年终奖金 绩效奖金 五险 住房补贴 节日福利 员工旅游 提成工资 出差补贴,3-4年经验 本科 招1人,50-150人
财务总监（双休+五险一金）,广东拓臣科技发展有限公司,20000,广州-白云区,民营公司,带薪年假 法定假期 带薪培训 节日福利 绩效奖金 全勤奖 员工旅游 通讯补贴 社保福利 周末双休,10年以上经验 本科 招1人,50-150人
会  计  岗,广州工控健康教育投资有限公司,5250,广州-荔湾区,国企,五险一金 补充医疗保险 免费班车 交通补贴 餐饮补贴 通讯补贴 定期体检 绩效奖金 年终奖金 企业年金,3-4年经验 本科 招若干人,500-1000人
财务主管,广州黑鱼软件技术有限公司,9000,广州,民营公司,五险一金 绩效奖金 周末双休 弹性工作 带薪年假 节日福利 全勤奖,5-7年经验 本科 招若干人,150-500人
资深会计,广州市燕语食品有限公司,7000,广州-天河区,民营公司,定期体检 带薪年假 节日福利 生日聚餐 专业培训 弹性工作 员工旅游 补充医疗保险,5-7年经验 本科 招1人,150-500人
物业会计,广东宏太智慧谷科技企业孵化器有限公司,6000,广州-天河区,民营公司,,2年经验 本科 招1人,少于50人
财务经理/总监,广州市百城鞋业有限公司,12000,广州-花都区,民营公司,餐饮补贴 年终奖金 免费班车 员工旅游 购买六险 包吃包住,10年以上经验 本科 招1人,150-500人
财务经理,广东奥盛医疗科技有限公司,12500,广州-天河区,民营公司,五险一金 餐饮补贴 通讯补贴 年终奖金 绩效奖金,5-7年经验 本科 招1人,150-500人
税务经理,UR 快尚时装有限公司,20833,广州-白云区,民营公司,购买五险 带薪年假 节日福利 专业培训 员工旅游 免费班车 五险一金,5-7年经验 本科 招1人,5000-10000人
税务主管,广州新族化妆品有限公司,9000,广州-白云区,民营公司,专业培训 节日福利 彩妆产品福利 五险,3-4年经验 大专 招1人,少于50人
税务主管（财务主管）,广东联友办公家具有限公司,10000,广州-南沙区,合资,带薪年假 五险一金 包三餐 免费班车 节日福利 周末双休,3-4年经验 本科 招若干人,1000-5000人
会计,广州力迅房地产开发有限公司,7000,异地招聘,民营公司,,2年经验 大专 招2人,150-500人
财务主管,广州环贸中心雅诗阁服务公寓,5250,广州-天河区,外资（非欧美）,,1年经验 大专 招1人,150-500人
税务专员,广州点动信息科技股份有限公司,6000,广州-天河区,上市公司,带薪年假 绩效奖金 节日福利 专业培训 加班补贴 定期体检 餐饮补贴 通讯补贴,1年经验 大专 招1人,1000-5000人
总账会计,广州萌茶茶餐饮管理有限公司,5250,广州-天河区,民营公司,无责任高底薪 绩效奖金 弹性工作 带薪年假 节假日福利,2年经验 大专 招1人,50-150人
会计,广州市天太信息技术有限公司,7000,广州,民营公司,五险一金 全勤奖 节日福利 定期体检 员工旅游 餐饮补贴 周末双休,3-4年经验 大专 招若干人,50-150人
财务主管,广东千盈物联网科技有限公司,7000,广州-海珠区,民营公司,大小周 绩效奖金 带薪年假 法定假期 节日福利 老板nice 丰富的团建 员工旅游,5-7年经验 大专 招1人,少于50人
财务总监(J10609),广东长兴润德教育科技有限公司,31250,广州-天河区,民营公司,五险一金 弹性工作 绩效奖金 专业培训 员工旅游 通讯补贴 股票期权 年终奖金,10年以上经验 本科 招1人,1000-5000人
高级财务经理/财务经理,深圳南乔基金管理有限公司,12500,广州-天河区,合资,五险一金 股票期权 餐饮补贴 通讯补贴 绩效奖金 交通补贴 岗位晋升 管理规范,5-7年经验 本科 招2人,50-150人
Java高级开发工程师,源恒税务师事务所有限公司,17500,广州-天河区,民营公司,,5-7年经验 本科 招2人,少于50人
工商外勤组长,广州至简信息科技有限公司,6000,广州-天河区,民营公司,弹性工作 带薪年假 绩效奖金 节日福利 通讯补贴 交通补贴 高温补贴 五险一金 专业培训 做五休二,1年经验 大专 招2人,50-150人
财务主管,广州睿麦珂广告有限公司,10000,广州-天河区,民营公司,五险一金 补充医疗保险 员工旅游 交通补贴 餐饮补贴 绩效奖金 年终奖金 弹性工作 定期体检,5-7年经验 本科 招1人,150-500人
财务经理,广州小鹏汽车科技有限公司,30000,广州-天河区,民营公司,,5-7年经验 本科 招1人,1000-5000人
财务经理,广州市帆博贸易有限公司,17500,广州-天河区,民营公司,专业培训 员工旅游 弹性工作 补充医疗保险 绩效奖金 年终奖金,5-7年经验 大专 招1人,50-150人
财务总监,广东联通通信建设有限公司,27083,广州-天河区,国企,,5-7年经验 本科 招若干人,50-150人
税务主管,广州友华环保材料有限公司,8000,广州,民营公司,绩效奖金 带薪年假 周末双休 年终奖金 员工旅游 入职六险一金 职称学历补贴 补充医疗保险 优秀出国游,5-7年经验 大专 招1人,150-500人
财务高级经理/副总监,颐家（广东）医疗养老有限公司,21500,广州-越秀区,民营公司,五险一金 员工旅游 专业培训 节日福利 带薪年假 做五休二 高提成 职业发展通道 全模块学习,8-9年经验 本科 招1人,500-1000人
税务会计,广东锐博软件科技有限公司,5250,广州-天河区,民营公司,五险一金 带薪年假 节日福利 餐饮补贴 专业培训 绩效奖金 周末双休 十三薪 业务提成,2年经验 大专 招2人,150-500人
财务主管,广州朵澜生物科技有限公司,8000,广州-白云区,民营公司,节日福利 全勤奖 专业培训 带薪年假 绩效奖金 弹性工作 员工旅游 定期体检 餐饮补贴 年终奖金,1年经验 大专 招2人,1000-5000人
财务副经理,广东荣钢管道科技有限公司,12500,异地招聘,民营公司,,5-7年经验 本科 招1人,150-500人
税务总监,广州市置力投资集团有限公司,22500,广州-增城区,民营公司,五险一金 餐饮补贴 住房补贴 全勤奖 节日福利 高温补贴 带薪年假,5-7年经验 本科 招1人,1000-5000人
会计,博雅教育控股有限公司 PATHWAY EDUCATION HOLDINGS LIMITED,6500,广州-天河区,外资（非欧美）,五险一金 员工旅游 专业培训 年终奖金 定期体检,3-4年经验 大专 招1人,150-500人
2021 年应届毕业生（专业通道）,众家（广州）科技有限公司,5000,广州-越秀区,民营公司,带薪年假 五险一金 周末双休 定期体检 绩效奖金 年终奖金,在校生/应届生 本科 招8人,50-150人
总账会计,广东九潮集团有限公司,5750,广州-天河区,民营公司,节日福利 周末双休 带薪年假 全勤奖 加班补贴 下午茶,3-4年经验 大专 招1人,150-500人
财务经理,广州万年置业有限公司,45833,广州-天河区,民营公司,节日福利 五险一金 周末双休 专业培训 年终奖金 绩效奖金 商业保险 餐饮补贴,10年以上经验 本科 招1人,150-500人
财务专员,广州柏思医学科技有限公司越秀分公司,5250,广州-荔湾区,民营公司,,2年经验 大专 招1人,50-150人
会计主管,广州骏捷财务代理有限公司,7000,广州-白云区,民营公司,五险一金 补充医疗保险 员工旅游 专业培训 出国机会 年终奖金 股票期权 绩效奖金 交通补贴 通讯补贴,5-7年经验 大专 招2人,150-500人
财务经理会计,广州新奇电子商务有限公司,12500,广州-白云区,民营公司,五险一金 员工旅游 绩效奖金 年终奖金 餐饮补贴 餐补 全勤奖 话费补贴 住房补贴 通讯补贴,5-7年经验 本科 招3人,50-150人
税务主管,广州善恩化妆品有限公司,8000,广州-白云区,民营公司,包吃 包住宿 五险一金 餐饮补贴 年终奖金 绩效奖金 定期体检,3-4年经验 大专 招1人,150-500人
税务项目主任,海华税务师事务所有限公司,7000,广州,民营公司,带薪年假 周末双休 节日福利 专业培训 五险一金 补充医疗保险 定期体检 绩效奖金 年终奖金,2年经验 本科 招2人,500-1000人
税筹主管,广州恩赐财税策划有限公司,9500,广州-天河区,民营公司,,5-7年经验 大专 招1人,50-150人
财务主管/财务副经理,广州小凡教育培训中心有限责任公司,11500,广州-海珠区,民营公司,员工旅游 专业培训 年终奖金 绩效奖金 股票期权 五险一金 出国机会 定期体检 周末双休,3-4年经验 本科 招1人,500-1000人
财务主管/经理集团总部-岗顶,广州艾慈荟再生医学科技有限公司,9500,广州-天河区,民营公司,员工旅游 年终奖金 专业培训 绩效奖金 节日福利 五险齐全,5-7年经验 大专 招1人,500-1000人
注册会计师,中科臻祺生物科技（广东）有限公司,11000,广州-天河区,民营公司,五险一金 周末双休 节日福利,5-7年经验 本科 招1人,少于50人
财务主管,广州彤程贸易有限公司,8500,广州-白云区,民营公司,,5-7年经验 大专 招1人,50-150人
财务主管,广州钛动科技有限公司,12500,广州-天河区,民营公司,带薪年假 年底双薪 节日福利 免费班车 五险一金 定期体检,3-4年经验 本科 招1人,150-500人
财务主管,广东宙斯照明电器有限公司,7000,广州-白云区,民营公司,用餐优惠 节日福利 活动贴心 加班补贴,5-7年经验 大专 招1人,50-150人
财务会计高级专员（项目公司）,中新广州知识城投资开发有限公司,9500,广州-黄埔区,外资（非欧美）,五险一金 补充医疗保险 免费班车 定期体检 绩效奖金,3-4年经验 本科 招1人,150-500人
资深会计,广州卓腾科技有限公司,9000,广州-天河区,民营公司,五险一金 补充医疗保险 交通补贴 通讯补贴 绩效奖金 年终奖金 弹性工作,5-7年经验 本科 招1人,150-500人
税务筹划讲师,发工资网（北京）科技股份公司,12500,广州-天河区,民营公司,五险一金 周末双休 股权 合伙人 扁平管理 弹性工作 专业培训 节日福利 带薪年假,3-4年经验 本科 招若干人,50-150人
财务实习生-GZ,北京新意互动数字技术有限公司,3600,广州-天河区,合资,,在校生/应届生 本科 招若干人,1000-5000人
财务经理（需驻内蒙）,鸿达兴业股份有限公司,10000,异地招聘,上市公司,五险一金 免费班车 绩效奖金 年终奖金 专业培训 餐饮补贴 通讯补贴 周末双休,5-7年经验 本科 招1人,10000人以上
财务经理,广州市仟益贸易有限公司（惠而信）,11500,广州-海珠区,民营公司,五险一金 员工旅游 交通补贴 餐饮补贴 通讯补贴 专业培训 出国机会 绩效奖金 年终奖金,5-7年经验 本科 招1人,150-500人
会计 (五险一金 双休),广州兴珠食品科技有限公司,6500,广州-天河区,民营公司,全勤奖 节日福利 员工旅游 周末双休 五险一金 餐补 法定假期 绩效奖金,5-7年经验 大专 招2人,少于50人
财务主管,广州木简服饰有限公司,7000,广州-番禺区,民营公司,弹性工作 绩效奖金 节日福利 通讯补贴 餐饮补贴 加班补贴 住房补贴,5-7年经验 大专 招若干人,150-500人
财务主管,广州高新技术产业集团有限公司,10416,广州-天河区,国企,五险一金 周末双休 带薪年假 绩效奖金,5-7年经验 大专 招若干人,50-150人
税务会计主管,广州市仟壹生物技术有限公司,9500,广州,民营公司,五险一金 员工旅游 绩效奖金 年终奖金 定期体检 通讯补贴 餐饮补贴,5-7年经验 本科 招1人,150-500人
税务会计,广东恰好时体育有限公司,8000,广州-天河区,民营公司,五险一金 专业培训 绩效奖金 餐饮补贴 员工旅游 年终奖金 业绩奖金,3-4年经验 大专 招1人,150-500人
税务总监（集团）,广州升龙投资有限公司,37500,广州-天河区,民营公司,五险一金 餐饮补贴 通讯补贴 定期体检 年终奖金 专业培训,5-7年经验 本科 招1人,1000-5000人
税务会计,广州蜜獾时尚服饰有限公司,7250,广州-番禺区,民营公司,五险一金 免费班车 专业培训 绩效奖金 年终奖金 定期体检,5-7年经验 大专 招1人,500-1000人
项目财务经理（从化）,广东珠江投资股份有限公司,12500,广州-从化区,民营公司,五险一金 交通补贴 通讯补贴 免费班车 定期体检 提供食宿,5-7年经验 本科 招1人,500-1000人
财务经理,劲霸男装（上海）有限公司,27500,广州-越秀区,民营公司,五险一金 绩效奖金,5-7年经验 本科 招1人,10000人以上
财务经理,新天地产集团有限公司,17500,广州,民营公司,带薪年假 绩效奖金 节日福利 社会保险 员工旅游 年终分红 餐饮补贴,5-7年经验 本科 招1人,150-500人
财务主管,赛业（广州）生物科技有限公司,9000,广州,外资（欧美）,周末双休 带薪年假 绩效奖金 节日福利 餐饮补贴 五险一金 年终奖金,5-7年经验 本科 招1人,150-500人
财务经理,广州众联晟通科技有限公司,12500,广州-黄埔区,民营公司,五险一金 补充医疗保险 餐饮补贴 年终奖金 定期体检 绩效奖金 员工旅游,5-7年经验 本科 招2人,50-150人
财务主管,广州奥博教育咨询有限公司,7500,广州-越秀区,民营公司,员工旅游 专业培训 五险一金 弹性工作 绩效奖金 年终奖金,1年经验 本科 招1人,150-500人
税务主管,广州衣酷服饰有限公司,8000,广州-白云区,民营公司,带薪年假 五险一金 包吃 包住宿 绩效奖金 全勤奖 节日福利 专业培训 年终奖金,3-4年经验 大专 招1人,150-500人
会计,广州大白生物科技有限公司,5500,广州-海珠区,民营公司,五险一金 节日福利 年度旅游 员工团建 年度体检 周末双休 每周下午茶,2年经验 大专 招1人,50-150人
房地产行业经验-财务经理（中级）,广州市忠雄会计师事务所（普通合伙）,11500,广州-海珠区,民营公司,周末双休 五险一金 带薪年假 员工旅游 专业培训 绩效奖金 年终奖金 定期体检 出国机会 包住,5-7年经验 大专 招1人,50-150人
税务会计,粤海物业管理有限公司,9000,广州-天河区,国企,餐饮补贴 带薪年假 五险一金 年度体检 外出拓展活动 绩效奖金 专业培训 拓展激励,2年经验 本科 招1人,500-1000人
财务经理（双休）,广东银浩智能技术有限公司,12500,广州-天河区,民营公司,社保 周末双休 员工旅游 节日福利 全勤奖,5-7年经验 本科 招1人,50-150人
财务主管/经理,广东德生科技股份有限公司,9500,广州-天河区,上市公司,五险一金 交通补贴 绩效奖金 定期体检,5-7年经验 本科 招若干人,1000-5000人
会计,广东广集医药有限公司,4000,广州-天河区,民营公司,绩效奖金 定期体检 五险一金 餐饮补贴,2年经验 大专 招2人,50-150人
税务会计,广东薛航集团有限公司,10500,广州-花都区,民营公司,员工旅游 出国机会 周末双休 节日福利 五险一金 餐饮补贴 年终奖金,3-4年经验 大专 招2人,500-1000人
税务会计,深圳市欧芮儿服装有限公司,4250,广州-番禺区,民营公司,带薪年假 节日福利 专业培训 生日会 周年庆 社保福利,1年经验 大专 招若干人,150-500人
主管会计,广州市共能信通科技有限公司,8000,广州-天河区,民营公司,做五休二 周末双休 带薪年假 五险一金 节日福利,3-4年经验 本科 招1人,150-500人
会计主管/经理,广州盛高云源有限公司,12500,广州-天河区,民营公司,五险一金 餐饮补贴 通讯补贴 定期体检,3-4年经验 本科 招若干人,50-150人
税务会计/主管,广州依妙实业有限公司（EMU）,8000,广州-天河区,民营公司,五险一金 员工旅游 餐饮补贴 绩效奖金 工衣补贴 年终福利奖金,3-4年经验 大专 招1人,500-1000人
财务主管,广州绿百草科学仪器有限公司,7000,广州,民营公司,周末双休 节日福利 专业培训 全勤奖 员工旅游 定期体检 绩效奖金 五险一金,2年经验 本科 招1人,50-150人
财务副总监,汇林环保集团有限公司,35000,异地招聘,外资（非欧美）,五险 员工旅游 包吃包住 年终奖金 定期体检,10年以上经验 本科 招1人,1000-5000人
2021届领物力（管培生）,广州天力物业发展有限公司,7000,异地招聘,民营公司,餐饮补贴 专业培训 绩效奖金 年终奖金 年底双薪 五险一金 带薪年假 定期体检,无需经验 本科 招若干人,1000-5000人
主管会计,广州市白云泵业集团有限公司,7000,广州-黄埔区,民营公司,五险一金 包吃 包住宿 免费班车 绩效奖金 加班补贴,5-7年经验 本科 招1人,1000-5000人
财务经理,搏耐服饰皮具（杭州）有限公司,12500,广州-白云区,民营公司,弹性工作 五险一金 周末双休 包吃 下午茶 带薪年假 绩效奖金 年终奖金,10年以上经验 本科 招1人,50-150人
税务经理/总监,佳兆业广州城市更新集团,37500,广州,民营公司,五险一金 绩效奖金 年终奖金 餐饮补贴 交通补贴 专业培训 定期体检 员工旅游 补充医疗保险,5-7年经验 本科 招1人,50-150人
财务经理（食品行业经验优先）,黑牛集团有限公司,12500,广州,民营公司,带薪年假 节日福利 专业培训 六险一金 绩效奖金 年终奖金 定期体检 员工旅游,5-7年经验 本科 招1人,150-500人
总账会计5-7k,广州净东网络有限公司,6000,广州-天河区,民营公司,绩效奖金 年终奖金 带薪年假 员工旅游 大小周 社保 团队活动 节日福利,2年经验 大专 招1人,少于50人
财务副总经理,中泰集团,58333,广州,民营公司,定期体检 年终奖金 周末双休 带薪年假 带薪病假 员工福利 补充医疗险等,8-9年经验 本科 招1人,500-1000人
财务经理-超威,广州超威生物科技有限公司,14583,广州-荔湾区,民营公司,五险一金 餐饮补贴 定期体检 通讯补贴 交通补贴 绩效奖金,5-7年经验 本科 招1人,500-1000人
税务经理,裕通控股集团有限公司,17500,广州-天河区,民营公司,节日福利 五险一金 餐饮补贴 定期体检 通讯补贴,8-9年经验 本科 招1人,1000-5000人
财务经理（税务方向）,广州市天高集团有限公司,27500,广州-海珠区,民营公司,员工旅游 通讯补贴 定期体检 年终奖金 五险一金 餐饮补贴 专业培训,5-7年经验 本科 招1人,1000-5000人
税务经理,广州三智自动化科技有限公司,12500,广州-海珠区,合资,五险一金 做五休二 绩效奖金 员工旅游 带薪年假 节日福利 专业培训,5-7年经验 本科 招若干人,500-1000人
税务高级主管/Tax Supervisor,Guangzhou Andala Co.ltd.,17500,广州,外资（欧美）,五险一金 免费班车 员工旅游 绩效奖金 通讯补贴 定期体检 年终奖金,2年经验 大专 招1人,500-1000人
财务管培生（2020届、2021届毕业生）,广州珠光城市更新集团有限公司,7000,广州,民营公司,,在校生/应届生 本科 招若干人,500-1000人
财务主管,广州注释服饰有限公司,9000,广州-番禺区,民营公司,全勤奖 绩效奖金 带薪年假 加班补贴 餐饮补贴 专业培训 五险一金,8-9年经验 中专 招1人,50-150人
税务会计,蜜源（广州）新媒体科技有限公司,9000,广州-海珠区,民营公司,专业培训 绩效奖金 年终奖金 扁平化管理 晋升空间大 调薪空间大 企业高速发展 带薪年假 活动多 定期团建,3-4年经验 本科 招1人,150-500人
财税咨询顾问（项目奖金/七险一金/双休）,广州正坤财税顾问有限公司,10000,广州,民营公司,员工旅游 年终奖金 通讯补贴 专业培训 定期体检 带薪年假 七险一金 节假日福利,3-4年经验 本科 招若干人,少于50人
财务经理（房地产行业）,广州市佛伦斯服饰有限公司,15000,广州-黄埔区,民营公司,带薪年假 节日福利 全勤奖 绩效奖金 餐饮补贴,8-9年经验 本科 招若干人,500-1000人
管理会计主管,中航云电信股份有限公司,12500,广州-天河区,民营公司,五险一金 员工旅游 餐饮补贴 通讯补贴 绩效奖金 年终奖金 定期体检,5-7年经验 本科 招若干人,50-150人
管理培训生,广州官洲物业管理有限公司,6500,广州-海珠区,国企,,招若干人,50-150人
财务专员,广州华泽医药科技有限公司,6250,广州-天河区,民营公司,绩效奖金 专业培训 弹性工作 五险 法定节假日 节日福利 定期团建 晋升空间大,无需经验 大专 招若干人,50-150人
会计,广州新塘万达广场商业管理有限公司,7000,广州-增城区,上市公司,五险一金 周末双休 带薪年假 年终奖金 包吃 节日福利 定期体检 专业培训,3-4年经验 本科 招2人,10000人以上
财务经理,广东星神科技有限公司,9000,广州-黄埔区,民营公司,五险一金 员工旅游,5-7年经验 本科 招1人,少于50人
越秀风行食品集团――财税管控岗,广州越秀风行食品集团有限公司,12500,广州-天河区,国企,,无需经验 本科 招1人,1000-5000人
财务经理,广州金中网络技术有限公司,8000,广州-荔湾区,民营公司,年终奖金 全勤奖 节日福利 带薪年假 社保 大小周,3-4年经验 本科 招若干人,50-150人
会计（总账）,广州市汇尚网络科技有限公司,8000,广州,民营公司,五险一金 补充医疗保险 员工旅游 餐饮补贴 绩效奖金 年终奖金 定期体检 带薪年假 团队活动 周末双休,2年经验 大专 招1人,150-500人
会计,广州思沛医药科技股份有限公司,6500,广州-海珠区,民营公司,五险一金 餐饮补贴 定期体检 年终奖金 通讯补贴 员工旅游 绩效奖金,2年经验 大专 招2人,50-150人
会计主任,广州丰天化工有限公司,15000,广州,民营公司,五险一金 周末双休 带薪年假 节日福利 绩效奖金 年终奖金 员工旅游 定期体检,8-9年经验 本科 招1人,50-150人
高级税务经理,雅居乐集团控股有限公司,27500,广州-天河区,上市公司,五险一金 餐饮补贴 绩效奖金 年终奖金 周末双休 企业文化好,5-7年经验 本科 招1人,10000人以上
财务经理,广州甲乙品牌数字营销有限公司,12500,广州-天河区,民营公司,五险一金 员工旅游 专业培训 年度调薪 节日福利 员工生日会 弹性工作 绩效奖金,5-7年经验 本科 招1人,50-150人
财务经理,广东水清环保科技有限公司,11500,广州-番禺区,民营公司,五险一金 员工旅游 交通补贴 餐饮补贴 通讯补贴 专业培训 出国机会 绩效奖金 年终奖金 定期体检,8-9年经验 大专 招1人,50-150人
税务主管（控股）,海伦堡中国控股,11500,广州-番禺区,民营公司,,3-4年经验 本科 招1人,5000-10000人
税务经理,鑫荣懋集团股份有限公司,12500,广州-白云区,合资,餐饮补贴 加班补贴 节日福利 五险一金 绩效奖金 专业培训,5-7年经验 本科 招1人,1000-5000人
财务主管/会计主管,广东知一数据有限公司,8000,广州,民营公司,五险一金 员工旅游 餐饮补贴 定期体检 通讯补贴,3-4年经验 大专 招1人,50-150人
会计,广州南沙万达广场商业物业管理有限公司,7500,广州,民营公司,周末双休 带薪年假 五险一金 做五休二 包三餐 节日福利 专业培训,3-4年经验 本科 招1人,10000人以上
税务经理,丰乐集团,20000,广州-增城区,民营公司,补充医疗保险 员工旅游 通讯补贴 定期体检 专业培训 绩效奖金 年终奖金 五险一金 提供食宿,5-7年经验 本科 招1人,500-1000人
会计助理,云舟生物科技（广州）有限公司,5250,广州-黄埔区,外资（欧美）,五险一金 免费班车 员工旅游 餐饮补贴 专业培训 绩效奖金 年终奖金 定期体检,1年经验 本科 招2人,150-500人
储备财务部负责人,广州顺丰速运有限公司,30000,广州-越秀区,民营公司,五险一金 员工旅游 餐饮补贴 绩效奖金 年终奖金 定期体检,5-7年经验 本科 招1人,10000人以上
财务经理,广东嘉泰智能技术有限公司,22500,广州-黄埔区,民营公司,餐饮补贴 绩效奖金 员工旅游 社会保险 定期团建 五险一金 商业保险,10年以上经验 本科 招1人,少于50人
税务经理,小高德（广州）置业有限公司,17500,广州-天河区,外资（非欧美）,五险一金 周末双休 带薪年假 绩效奖金,5-7年经验 本科 招1人,1000-5000人
产品经理,航天信息（广东）有限公司,9166,广州-黄埔区,国企,带薪年假 五险一金 绩效奖金 全勤奖 节日福利 餐饮补贴 住房补贴 高温补贴 周末双休 交通补贴,1年经验 本科 招1人,500-1000人
税务主管,中国外运华南有限公司,10000,广州-黄埔区,国企,带薪年假 五险一金 绩效奖金 节日福利 周末双休 专业培训,3-4年经验 本科 招1人,10000人以上
财务经理,广东中发工程建设有限公司,10000,广州-越秀区,民营公司,员工旅游 专业培训 绩效奖金 定期体检 弹性工作,5-7年经验 高中 招若干人,150-500人
财务总监,广东广货通网络科技有限公司,29166,广州,民营公司,年终奖金 定期体检 节日福利 五险一金 周末双休 包三餐,无需经验 大专 招若干人,50-150人
外账会计,广州团博财务咨询有限公司,7000,广州-天河区,民营公司,周末双休 专业培训 社保 节日福利 带薪年假,3-4年经验 大专 招6人,少于50人
财务总监（集团总部）,广州星途投资运营集团有限公司,25000,广州-天河区,民营公司,员工旅游 出国机会 专业培训 通讯补贴 餐饮补贴 年终奖金 绩效奖金 弹性工作 社保 股票期权,5-7年经验 本科 招1人,150-500人
税务会计,广东刘关张信息科技有限公司,5250,广州-越秀区,民营公司,五险一金 员工旅游 专业培训 绩效奖金 定期体检 高温补贴 周末双休,招1人,50-150人
财务经理,北京财智东方信息技术有限公司,10000,广州-黄埔区,民营公司,做五休二 周末双休 弹性工作 带薪年假 五险一金 绩效奖金 节日福利 专业培训 加班补贴 通讯补贴,招5人,50-150人
总账会计,广东优世联合控股集团股份有限公司,8500,广州,民营公司,,5-7年经验 本科 招1人,50-150人
税务经理/主管,广东三头六臂信息科技有限公司,15000,广州-白云区,民营公司,,5-7年经验 本科 招1人,500-1000人
财务总监,鑫亚集团股份有限公司,20000,广州,民营公司,五险一金 专业培训 绩效奖金 周末双休,10年以上经验 本科 招1人,150-500人
总账会计,深圳宝宸装饰有限公司,6500,广州-增城区,民营公司,绩效奖金 年终奖金 员工旅游 节日福利 带薪年假 五险 包吃包住 大小周工作制,5-7年经验 大专 招1人,50-150人
财务主管,广东省拼奇文化科技有限公司,6500,广州-海珠区,创业公司,,2年经验 本科 招1人,少于50人
会计税务师（税务咨询方向）,广东东湖棋院俱乐部有限公司,16000,广州-越秀区,民营公司,五险一金 专业培训 弹性工作 年终奖金 绩效奖金 公司合伙人,10年以上经验 本科 招1人,50-150人
会计（涉外）,广州华进联合专利商标代理有限公司,5000,广州-天河区,民营公司,五险一金 补充医疗保险 员工旅游 专业培训 年终奖金 定期体检 绩效奖金,1年经验 本科 招1人,500-1000人
财务出纳,广州市君翔自动化控制设备有限公司,7000,广州-番禺区,民营公司,五险 员工旅游 餐饮补贴 通讯补贴 周末双休 专业培训 绩效奖金 节日福利 带薪年假,8-9年经验 大专 招1人,少于50人
会计专员,星空文化传媒（广州）股份有限公司,6000,广州-天河区,民营公司,员工旅游 年终奖金 团队聚餐 节日福利 出国机会 五险 住宿补贴 全勤奖 餐饮补贴 带薪年假,2年经验 大专 招2人,150-500人
财务总监,广东粤港澳大湾区国家纳米科技创新研究院,40000,广州-黄埔区,事业单位,周末双休 五险一金,10年以上经验 本科 招1人,1000-5000人
管理会计（红牛）,北京普盛食品销售有限公司,8000,广州-天河区,民营公司,五险一金 补充医疗保险 交通补贴 餐饮补贴 通讯补贴 专业培训 定期体检 绩效奖金,2年经验 本科 招1人,1000-5000人
财务经理,广东信达地产有限公司,17500,广州-海珠区,国企,五险一金 补充医疗保险 年终奖金 绩效奖金 交通补贴 通讯补贴,8-9年经验 本科 招若干人,10000人以上
财务综合管理岗,昆仑健康保险股份有限公司广东分公司,6750,广州,民营公司,带薪年假 五险一金 绩效奖金 全勤奖 节日福利 专业培训 高温补贴,1年经验 本科 招1人,150-500人
财务会计,广州市颐卓企业管理咨询有限公司,6500,广州-番禺区,民营公司,员工旅游 餐饮补贴 通讯补贴 专业培训 绩效奖金 年终奖金 弹性工作 月度集体活动 五险 差旅补贴,1年经验 大专 招1人,50-150人
片区财务经理,敏捷集团-阳江公司,16500,异地招聘,民营公司,五险一金 年终奖金 佣金 节日福利 交通补贴 专业培训 绩效奖金 餐饮补贴,5-7年经验 本科 招1人,5000-10000人
财务经理（偏商业运营、商业租赁）,敏捷地产集团,19000,广州-番禺区,民营公司,五险一金 年终奖金 佣金 节日福利 专业培训 包三餐 交通补贴,8-9年经验 本科 招1人,10000人以上
税务主管,广州市为众控股有限公司,8000,广州-增城区,民营公司,五险一金 绩效奖金 节日福利 提供吃住,3-4年经验 招1人,1000-5000人
财务经理（周末双休）,广州品悦房地产代理有限公司,17500,广州-番禺区,民营公司,员工旅游 出国机会 弹性工作 专业培训 全勤奖 节日福利 社保五险,10年以上经验 本科 招1人,150-500人
财务经理/主管,广州君衡合壹服装有限公司,11500,广州-番禺区,民营公司,餐饮补贴 员工旅游 交通补贴,5-7年经验 大专 招1人,50-150人
税务主管/税务会计,泽易控股（广州）有限公司,8500,广州-番禺区,民营公司,五险一金 员工旅游 专业培训 餐饮补贴 年终奖金 带薪年假 节日福利,3-4年经验 本科 招1人,50-150人
财务科员,广州帕卡汽车零部件有限公司,4500,广州-从化区,国企,五险一金 免费班车 交通补贴 绩效奖金 年终奖金 定期体检 补充医疗保险,2年经验 大专 招1人,150-500人
海外资金税务经理G00466,森大集团,30000,广州-天河区,民营公司,带薪年假 五险一金 包三餐 包住宿 绩效奖金 节日福利 通讯补贴 专业培训 年终奖金 出国机会,3-4年经验 本科 招1人,10000人以上
会计主管/财务经理,广州冠宏生物科技有限公司,11000,广州,民营公司,五险一金 专业培训 周末双休 带薪年假 交通补贴 通讯补贴 绩效奖金 年终奖金,10年以上经验 大专 招1人,少于50人
财务副经理,广东珠江投资管理集团有限公司,17500,异地招聘,民营公司,五险一金 通讯补贴 定期体检 员工旅游 包住宿 带薪年假 年终奖金,5-7年经验 本科 招1人,1000-5000人
内审经理,绿地香港控股有限公司,17500,广州-白云区,合资,,5-7年经验 本科 招1人,150-500人
财务主管,广东惠和工程检测有限公司,7000,广州-白云区,民营公司,五险一金 专业培训 员工旅游 年终奖金 定期体检 带薪年假 节日福利,2年经验 大专 招1人,150-500人
审计主管,广州和融物业管理有限公司,10416,广州-天河区,民营公司,绩效奖金 带薪年假 社保 餐饮补贴 月休6天 节日福利 专业培训 商业保险 年底双薪,3-4年经验 本科 招1人,1000-5000人
税务会计,广州康耐登家居用品有限公司,7000,广州-黄埔区,合资,定期体检 专业培训 绩效奖金 员工旅游 节日福利 五险一金 年终奖金,2年经验 大专 招1人,500-1000人
项目会计,中建二局第三建筑工程有限公司,7000,异地招聘,国企,五险一金 交通补贴 餐饮补贴 通讯补贴 专业培训 绩效奖金 年终奖金 弹性工作 定期体检,在校生/应届生 本科 招4人,1000-5000人
税务会计,广州多益网络股份有限公司,9000,广州-黄埔区,民营公司,,1年经验 招2人,1000-5000人
财务副总监,广州金石电力集团有限公司,12500,广州-天河区,民营公司,,8-9年经验 大专 招1人,50-150人
财务总监,裕丰地产,27500,广州-越秀区,民营公司,五险一金 员工旅游 弹性工作 专业培训 节假日福利 绩效奖金 年终奖金 股份 大平台,5-7年经验 大专 招1人,10000人以上
资金专员/出纳,广州吾能学网络科技有限公司,6500,广州-海珠区,民营公司,周末双休 带薪年假 五险一金 下午茶福利 节日福利,2年经验 本科 招1人,少于50人
税务/资产管理岗（国企）,广东胜通和科技服务有限公司,8000,广州-海珠区,国企,专业培训 五险一金 周末双休 定期体检,2年经验 本科 招若干人,10000人以上
高级财务主任-税务,屈臣氏个人用品商店有限公司,9000,广州,外资（非欧美）,周末双休 大平台 牛人多 氛围好 五险一金 补充医疗保险,3-4年经验 大专 招1人,10000人以上
税务主管,广东天泰控股集团有限公司,9500,广州-越秀区,民营公司,周末双休 五险一金 专业培训 做五休二 包吃 节日福利,5-7年经验 本科 招1人,150-500人
财务总监（润恒汇民）,润恒投资控股集团有限公司,25000,广州-南沙区,民营公司,五险一金 餐饮补贴 通讯补贴 专业培训 绩效奖金 年终奖金 定期体检 交通补贴 周末双休,10年以上经验 本科 招1人,500-1000人
财务总监（产业园）,国光电器股份有限公司,37500,广州,上市公司,五险一金 补充医疗保险 免费班车 员工旅游 专业培训 定期体检 出国机会 年终奖金 提供住宿,10年以上经验 本科 招1人,5000-10000人
财务主管/经理,蕴特国际化妆品有限公司,11000,广州-越秀区,民营公司,五险意外险 员工旅游 专业培训 出国机会 绩效奖金 年终奖金 晋升机会,10年以上经验 本科 招1人,150-500人
税务主管/会计主管,广州市方直环境艺术股份有限公司,9500,广州-天河区,民营公司,五险一金 餐饮补贴 定期体检 年终奖金 专业培训 绩效奖金,3-4年经验 大专 招若干人,500-1000人
子公司财务总监,珠海欧比特宇航科技股份有限公司,17500,广州-番禺区,上市公司,周末双休 带薪年假 五险一金 专业培训 节日福利,5-7年经验 本科 招1人,150-500人
财务副经理,广东顺德中心城区投资开发有限公司,17916,异地招聘,国企,五险一金 绩效奖金 定期体检 岗位晋升 管理规范 带薪年假,5-7年经验 本科 招1人,50-150人
高级会计/财务,广州纵梦互娱科技有限公司,13000,广州-海珠区,民营公司,,5-7年经验 大专 招1人,50-150人
财务主管,广东珠江商业地产物业服务有限公司,7000,广州-海珠区,民营公司,周末双休 五险一金 交通补贴 餐饮补贴 通讯补贴 定期体检,3-4年经验 大专 招1人,150-500人
税务会计,广东趣点智能科技有限公司,6500,广州-黄埔区,民营公司,五险 全勤奖 节日福利 餐饮补贴,3-4年经验 本科 招1人,50-150人
税务经理,广州福达企业集团有限公司,12500,广州-天河区,民营公司,,5-7年经验 本科 招1人,1000-5000人
税务经理,广东佳润实业有限公司,20833,广州-天河区,民营公司,带薪年假 包吃包住 养老保险 医疗保险 工伤保险 失业保险 生育保险 绩效奖金,5-7年经验 本科 招若干人,150-500人
税务经理(004691),敏实集团,20833,异地招聘,外资（欧美）,五险一金 补充医疗保险 免费班车 员工旅游 通讯补贴 年终奖金 定期体检 餐饮补贴 专业培训 出国机会,5-7年经验 本科 招若干人,10000人以上
财务总监,广州市海川房地产开发有限公司,15000,广州-天河区,民营公司,,5-7年经验 本科 招1人,150-500人
会计助理,广州德雅装饰材料有限公司,3750,广州-天河区,民营公司,定期体检 五险一金 员工旅游 绩效奖金,在校生/应届生 大专 招2人,少于50人
税务主管,广州洋葱时尚集团有限公司,12500,广州-天河区,民营公司,,3-4年经验 本科 招1人,500-1000人
总账主管,住方科技,12500,广州-天河区,合资,五险一金 年终奖金 高温补贴,5-7年经验 本科 招1人,1000-5000人
财务经理,珠江人寿保险股份有限公司,22500,广州-天河区,民营公司,,5-7年经验 本科 招1人,150-500人
税务经理,广州市恒嘉建设有限公司,12500,广州-天河区,民营公司,绩效奖金 年终奖金 免费午餐 带薪年假,5-7年经验 大专 招1人,500-1000人
集团财务审计经理,江西润达房地产投资开发集团有限公司,17500,异地招聘,民营公司,五险一金 周末双休 带薪年假 住房补贴,3-4年经验 本科 招2人,1000-5000人
急聘建筑工程会计双休五险一金,广东越盛建设有限公司,12500,广州-白云区,民营公司,五险一金 年终奖金,10年以上经验 本科 招2人,150-500人
主办会计,广州德杰企业管理咨询有限公司,9000,广州-天河区,上市公司,,3-4年经验 本科 招1人,50-150人
财务会计主管,奥园地产集团有限公司,11500,广州-番禺区,民营公司,,3-4年经验 本科 招2人,5000-10000人
综合管理岗,华康海宇财富管理有限公司,5250,广州-黄埔区,民营公司,五险一金 定期体检 员工旅游 绩效奖金 节日福利 周末双休 法定假期,1年经验 本科 招1人,10000人以上
税务经理,广东万有文化旅游有限公司,45000,广州-番禺区,民营公司,,8-9年经验 本科 招1人,150-500人
财务经理,利湟集团,14583,广州-越秀区,民营公司,五险一金 补充医疗保险 交通补贴 餐饮补贴 专业培训 定期体检 高温补贴 奖金 员工旅游 通讯补贴,8-9年经验 本科 招1人,150-500人
会计主管(J11137),华远地产,12500,广州,上市公司,五险一金 补充医疗保险 定期体检 交通补贴 餐饮补贴,3-4年经验 本科 招若干人,1000-5000人
财务主管,广州市艺凡创展服饰有限公司,8250,广州-白云区,民营公司,,5-7年经验 大专 招1人,50-150人
财务经理,广东大光药业集团有限公司,12500,广州,民营公司,交通补贴,3-4年经验 本科 招2人,500-1000人
天河城百货――财务部副经理,广东粤海天河城（集团）股份有限公司,22500,广州,合资,带薪年假 餐饮补贴 绩效奖金 五险二金 专业培训 定期体检 年终奖金,5-7年经验 本科 招1人,1000-5000人
财务专员,广州正和会展服务有限公司,7000,广州-海珠区,民营公司,专业培训 全勤奖 员工旅游 定期活动 做五休二 周末双休,2年经验 大专 招若干人,50-150人
财务经理,佛山宇能创富投资有限公司,17500,异地招聘,民营公司,年终奖金 绩效奖金 专业培训 员工旅游,招1人,50-150人
云界财务总监,无界联科技有限公司,20000,广州-番禺区,民营公司,五险 朝九晚六 周末双休 专业培训 员工旅游 年终绩效,5-7年经验 本科 招1人,50-150人
高级税务经理,大华集团（广州）投资有限公司,22500,广州-天河区,民营公司,做五休二 带薪年假 五险一金 节日福利 餐饮补贴 通讯补贴 高温补贴,8-9年经验 本科 招1人,1000-5000人
税务会计,广东瑞昊建设有限公司,7000,广州-天河区,民营公司,,3-4年经验 大专 招1人,50-150人
财务主管,广州市尚仪医疗科技有限公司,6666,广州,民营公司,补充医疗保险 员工旅游 带薪年假 出国机会 五险一金 年终奖金,3-4年经验 大专 招1人,少于50人
财务主管,广东中安网脉华南技术有限公司,10000,广州-黄埔区,国企,,3-4年经验 本科 招1人,50-150人
财务总监,广州市全亚文化科技有限公司,7500,广州-番禺区,民营公司,,5-7年经验 大专 招1人,少于50人
财务核算主管,广州宝供仓储服务有限公司,5750,广州,民营公司,周末双休 带薪年假 五险一金 免费班车 节日福利,2年经验 大专 招1人,1000-5000人
财务经理,罗浮宫家居艺术中心,20833,广州,民营公司,做五休二 包吃 带薪年假 专业培训 节日福利,5-7年经验 本科 招1人,500-1000人
税务经理,广州金科房地产开发有限公司,25000,广州,民营公司,带薪年假 五险一金 餐饮补贴 年终奖金 绩效奖金,5-7年经验 本科 招1人,150-500人
税务专员/主任,时代中国广州公司（东区）,9000,广州-越秀区,民营公司,五险一金 绩效奖金 年终奖金 专业培训 定期体检 交通补贴 餐饮补贴 通讯补贴 补充医疗保险 免费班车,2年经验 本科 招1人,1000-5000人
总账会计,广州能动电子科技有限公司,6000,广州-天河区,民营公司,绩效奖金 全勤奖 带薪年假 节日福利,3-4年经验 大专 招1人,500-1000人
税务经理,广州逸仙电子商务有限公司,20000,广州-海珠区,合资,五险一金 优厚绩效 工作前景好 大小周,3-4年经验 本科 招若干人,1000-5000人
广州白云财务/文员,广州喜迪贸易有限公司,5250,广州-白云区,民营公司,,2年经验 大专 招1人,少于50人
领物力管培生,广州天力物业发展有限公司清远分公司,7000,广州-越秀区,民营公司,餐饮补贴 定期体检 年终奖金 绩效奖金 带薪年假 节日福利 五险一金 加班补贴 高温补贴 专业培训,无需经验 本科 招若干人,150-500人
税务经理,东莞市民盈房地产开发有限公司,16000,异地招聘,民营公司,餐饮补贴 专业培训 绩效奖金 年终奖金 五险一金 带薪年假 包住宿 节日福利,5-7年经验 本科 招1人,500-1000人
高级产品经理（财会）,广发银行股份有限公司,17500,异地招聘,国企,六险二金 定期体检 年终奖金 带薪年假 周末双休,5-7年经验 本科 招1人,500-1000人
物业财务人员,广东红海人力资源有限公司,4750,广州-番禺区,民营公司,五险一金 节日福利,3-4年经验 大专 招2人,1000-5000人
会计主管,广州斯登诚信信息技术有限公司,8000,广州-天河区,民营公司,年终奖金 通讯补贴 定期体检 全薪病假 双休 五险一金 员工旅游 补充医疗保险 员工下午茶 午餐补贴,3-4年经验 本科 招1人,150-500人
税务主管/经理 (MJ000662),广州荔支网络技术有限公司,22500,广州-天河区,上市公司,员工旅游 免费三餐 绩效奖金 定期体检 专业培训 弹性工作 六险一金,5-7年经验 本科 招1人,500-1000人
会计（应届毕业生）,中铁物资集团华南有限公司,7500,广州,国企,周末双休 带薪年假 五险一金 餐饮补贴 通讯补贴 高温补贴 节日福利 绩效奖金 包三餐 包住宿,在校生/应届生 本科 招2人,50-150人
财务经理,厦门倍凡教育管理有限公司,7000,广州-南沙区,民营公司,五险一金 员工旅游 绩效奖金 年终奖金 定期体检 周末双休,5-7年经验 大专 招1人,500-1000人
财务/会计主管,广州孩教圈信息科技股份有限公司,8500,广州-越秀区,民营公司,五险一金 员工旅游 绩效奖金 年终奖金 出国机会 专业培训 定期体检 下午茶 周末双休 法定节假日,招1人,50-150人
会计助理,广东货多多物流科技股份有限公司,3750,广州-黄埔区,民营公司,五险一金 补充医疗保险 员工旅游 免费工作餐 绩效奖金 节日福利 通讯补贴 交通补贴,1年经验 大专 招1人,少于50人
财务经理（大宗商品交易方向）,圣地建设集团有限公司,11500,广州-白云区,民营公司,五险一金 员工旅游 绩效奖金 专业培训,3-4年经验 大专 招1人,500-1000人
销售会计,广州惠威电声科技股份有限公司,5500,广州-南沙区,上市公司,五险一金 提供食宿 节日福利 地铁周边 免费停车,1年经验 大专 招1人,150-500人
产品专员/助理（税务方向）,广州乐税信息科技有限公司,7000,广州-海珠区,民营公司,五险一金 员工旅游 定期体检 年终奖金 下午茶,1年经验 本科 招1人,少于50人
税务主管,广州晨晖建筑工程有限公司,12500,广州-番禺区,民营公司,社保 年轻团队 扁平化管理 行业好 全勤奖 专业培训,3-4年经验 本科 招1人,50-150人
财务会计专员,广州松鼠生物科技有限公司,7000,广州-海珠区,民营公司,五险一金 交通补贴 通讯补贴 专业培训 员工旅游 绩效奖金 年终奖金 周末双休,3-4年经验 本科 招1人,少于50人
财务主管,广州红点联合服装设计有限公司,7000,广州-荔湾区,民营公司,,3-4年经验 大专 招1人,50-150人
总账会计,广州瑞利威新材料有限公司,7500,广州-天河区,民营公司,做五休二 周末双休 带薪年假 五险一金 节日福利 通讯补贴 专业培训,10年以上经验 大专 招若干人,少于50人
会计主管/经理,广州绿地房地产开发有限公司,12500,广州-天河区,国企,五险一金 餐饮补贴 定期体检 员工旅游 专业培训,10年以上经验 大专 招1人,1000-5000人
会计主管（双休）,和瑞达（广东）综合能源服务有限公司,7500,广州-黄埔区,民营公司,五险一金 年终奖金 团队聚餐 公司氛围好 定期体检 年底双薪 工作环境好,5-7年经验 大专 招1人,少于50人
财务经理,越秀地产IT共享中心,1750,广州-天河区,国企,,5-7年经验 本科 招1人,150-500人
金融投资事业部-财务总监,融捷投资控股集团有限公司,17500,广州-天河区,民营公司,五险一金 餐饮补贴 通讯补贴 绩效奖金 节日福利,本科 招1人,10000人以上
日企税务主管(编号122951),上海艾杰飞人力资源有限公司,8500,广州,外资（非欧美）,国家法定休假 带薪年假 五险一金,3-4年经验 本科 招2人,50-150人
资金税务岗,中国广州国际经济技术合作有限公司,7000,广州,国企,周末双休 足额公积金 五险一金 一元午餐 转正机会 补充医疗保险 通讯补贴 定期体检 绩效奖金 企业年金,3-4年经验 大专 招1人,50-150人
财务经理,雪松控股集团-雪松大宗商品供应链集团,17500,广州-黄埔区,民营公司,绩效奖金 年终奖金 交通补贴 通讯补贴 五险一金,10年以上经验 本科 招1人,1000-5000人
财税咨询顾问（项目合作）,广州睿驰明雅管理咨询有限公司,25000,广州-越秀区,民营公司,五险一金 周末双休 员工旅游 每年调薪 专业培训,10年以上经验 本科 招若干人,50-150人
税务筹划顾问（会计税务师）,广州睿驰明雅管理咨询有限公司,33333,广州-越秀区,民营公司,项目合作 成为合伙人 年薪百万 不用坐班,10年以上经验 本科 招若干人,50-150人
货代财务经理,卓志供应链集团,18000,广州-越秀区,民营公司,周末双休 带薪年假 五险一金 绩效奖金 节日福利 高温补贴 员工旅游 定期体检,本科 招1人,1000-5000人
高薪诚聘财务,猫王（广东）互联网科技有限公司,5500,广州-黄埔区,民营公司,全勤奖 节日福利 交通补贴 加班补贴 五险一金 单休 员工旅游 出国机会 通讯补贴 弹性工作,1年经验 大专 招若干人,50-150人
会计,广州力迅房地产开发有限公司,6500,广州,民营公司,五险一金 定期体检 高温补贴 绩效奖金 交通补贴 专业培训 年终奖金 做五休二 节日福利,3-4年经验 大专 招1人,150-500人
财务总监/财务负责人,深圳南乔基金管理有限公司,18500,广州-天河区,合资,五险一金 股票期权 餐饮补贴 通讯补贴 绩效奖金 交通补贴 岗位晋升 管理规范,10年以上经验 本科 招1人,50-150人
税务经理,广州市置力投资集团有限公司,22500,广州-增城区,民营公司,五险一金 餐饮补贴 住房补贴 全勤奖 节日福利 高温补贴 带薪年假,3-4年经验 本科 招1人,1000-5000人
税务项目经理,海华税务师事务所有限公司,10500,广州,民营公司,带薪年假 周末双休 节日福利 专业培训 五险一金 补充医疗保险 定期体检 绩效奖金 年终奖金,5-7年经验 大专 招1人,500-1000人
财税高级项目主任+五险一金+双休,海华税务师事务所有限公司,8500,广州,民营公司,带薪年假 周末双休 节日福利 专业培训 五险一金 补充医疗保险 定期体检 绩效奖金 年终奖金,5-7年经验 大专 招2人,500-1000人
财务专员 (MJ002438),SHEIN,6500,广州-番禺区,民营公司,五险一金 餐饮补贴 年终奖金 定期体检 周末双休 节假日福利,在校生/应届生 本科 招若干人,5000-10000人
高级税务顾问/税务专家 (MJ002605),SHEIN,19000,广州-番禺区,民营公司,,3-4年经验 本科 招1人,5000-10000人
高级税务专员 (MJ002814),SHEIN,9000,广州-番禺区,民营公司,,2年经验 本科 招3人,5000-10000人
外派财务总监,中新广州知识城投资开发有限公司,18500,广州-黄埔区,外资（非欧美）,五险一金 补充医疗保险 免费班车 定期体检 绩效奖金,5-7年经验 本科 招1人,150-500人
项目公司财务会计高级专员,中新广州知识城投资开发有限公司,10000,广州-黄埔区,外资（非欧美）,五险一金 补充医疗保险 免费班车 餐饮补贴 定期体检,3-4年经验 本科 招1人,150-500人
会计,广州卓腾科技有限公司,7000,广州-天河区,民营公司,五险一金 补充医疗保险 交通补贴 通讯补贴 绩效奖金 年终奖金 弹性工作,3-4年经验 本科 招1人,150-500人
城市合伙人,发工资网（北京）科技股份公司,15000,广州-天河区,民营公司,五险一金 周末双休 股权 合伙人 扁平管理 弹性工作 专业培训 节日福利 带薪年假,3-4年经验 本科 招若干人,50-150人
薪酬管理顾问,发工资网（北京）科技股份公司,15000,广州-天河区,民营公司,五险一金 周末双休 股权 合伙人 扁平管理 弹性工作 专业培训 节日福利 带薪年假 绩效奖金,1年经验 本科 招若干人,50-150人
会计主管,广东大鼎建设工程有限公司,5250,广州-天河区,民营公司,年终奖金 员工旅游 社保 节日礼金,3-4年经验 大专 招2人,50-150人
会计专员,发工资网（北京）科技股份公司,10000,广州-天河区,民营公司,五险一金 绩效奖金 全勤奖 周末双休 带薪年假 节日福利 专业培训 餐饮补贴 住房补贴 加班补贴,2年经验 本科 招若干人,50-150人
税务经理（总部）,贵州小糊涂仙酒业有限公司,17500,广州-天河区,民营公司,五险一金 餐饮补贴 通讯补贴 绩效奖金 带薪年假 交通补贴 高温补贴 做五休二 专业培训 节日福利,5-7年经验 本科 招1人,1000-5000人
管理培训生（职能）,贵州小糊涂仙酒业有限公司,7500,广州-天河区,民营公司,五险一金 餐饮补贴 通讯补贴 绩效奖金 带薪年假 交通补贴 高温补贴 做五休二 专业培训 节日福利,在校生/应届生 本科 招若干人,1000-5000人
财务会计 周末双休,广州兴珠食品科技有限公司,6250,广州-天河区,民营公司,全勤奖 节日福利 员工旅游 周末双休 五险一金 餐补 法定假期 绩效奖金,5-7年经验 大专 招2人,少于50人
财税经理,雪松控股集团-雪松大宗商品供应链集团,17500,广州-黄埔区,民营公司,绩效奖金 年终奖金 交通补贴 通讯补贴 五险一金,10年以上经验 本科 招1人,1000-5000人
税务经理,广州升龙投资有限公司,22916,广州-天河区,民营公司,,5-7年经验 本科 招1人,1000-5000人
上海集团财务中心税务经理,广州升龙投资有限公司,25000,广州-天河区,民营公司,五险一金 餐饮补贴 通讯补贴 定期体检 年终奖金 专业培训,5-7年经验 本科 招2人,1000-5000人
上海集团财务中心核算经理,广州升龙投资有限公司,25000,广州-天河区,民营公司,五险一金 餐饮补贴 通讯补贴 定期体检 年终奖金 专业培训,5-7年经验 本科 招1人,1000-5000人
集团财务中心审计经理,广州升龙投资有限公司,25000,广州-天河区,民营公司,五险一金 餐饮补贴 通讯补贴 定期体检 年终奖金 专业培训,5-7年经验 本科 招8人,1000-5000人
集团财务中心税务总监,广州升龙投资有限公司,37500,广州-天河区,民营公司,五险一金 餐饮补贴 通讯补贴 定期体检 年终奖金 专业培训,5-7年经验 本科 招1人,1000-5000人
集团财务中心核算经理,广州升龙投资有限公司,25000,广州-天河区,民营公司,五险一金 餐饮补贴 通讯补贴 定期体检 年终奖金 专业培训,5-7年经验 本科 招2人,1000-5000人
集团财务中心核算总监,广州升龙投资有限公司,37500,广州-天河区,民营公司,五险一金 餐饮补贴 通讯补贴 定期体检 年终奖金 专业培训,8-9年经验 本科 招1人,1000-5000人
上海集团财务总监,广州升龙投资有限公司,50000,广州-天河区,民营公司,五险一金 餐饮补贴 通讯补贴 定期体检 年终奖金 专业培训,10年以上经验 本科 招1人,1000-5000人
财务经理,劲霸男装（上海）有限公司,17500,广州,民营公司,,5-7年经验 本科 招1人,10000人以上
财务经理,广州奥博教育咨询有限公司,8000,广州-越秀区,民营公司,员工旅游 专业培训 五险一金 弹性工作 绩效奖金 年终奖金,3-4年经验 本科 招1人,150-500人
总账会计（五险一金、双休）,广州大白生物科技有限公司,5500,广州-海珠区,民营公司,五险一金 节日福利 年度旅游 员工团建 年度体检 周末双休 每周下午茶,2年经验 大专 招1人,50-150人
项目会计（黄埔项目）,广州盛高云源有限公司,6500,广州-天河区,民营公司,五险一金 餐饮补贴 通讯补贴 定期体检,3-4年经验 本科 招1人,50-150人
会计主管/经理,广州盛高云源有限公司,12500,广州-黄埔区,民营公司,,10年以上经验 大专 招若干人,50-150人
管理培训生,广州天力物业发展有限公司,6500,广州-越秀区,民营公司,员工旅游 餐饮补贴 专业培训 绩效奖金 年终奖金 定期体检 五险一金 带薪年假 节日福利,无需经验 本科 招若干人,1000-5000人
管理培训生,广州天力物业发展有限公司,7916,广州,民营公司,带薪年假 五险一金 绩效奖金 节日福利 专业培训 餐饮补贴,在校生/应届生 本科 招20人,1000-5000人
物业管理培训生,广州天力物业发展有限公司,7000,广州,民营公司,带薪年假 五险一金 绩效奖金 节日福利 专业培训 餐饮补贴,在校生/应届生 本科 招若干人,1000-5000人
管理培训生-2021届,广州天力物业发展有限公司,9000,广州-越秀区,民营公司,,在校生/应届生 本科 招20人,1000-5000人
会计主管,广州市白云泵业集团有限公司,7000,广州-黄埔区,民营公司,五险一金 绩效奖金 员工旅游 通讯补贴 餐饮补贴 周末双休,5-7年经验 本科 招1人,1000-5000人
税务经理/高级税务主任,佳兆业广州城市更新集团,22500,广州,民营公司,五险一金 员工旅游 专业培训 餐饮补贴 交通补贴 绩效奖金 年终奖金 定期体检 氛围好,2年经验 本科 招1人,50-150人
税务主管/高级税务专员,广州滴普科技有限公司,12500,广州-海珠区,民营公司,五险一金 交通补贴 弹性工作 节日福利 生日福利 团队活动,3-4年经验 本科 招1人,500-1000人
财务经理,广州三智自动化科技有限公司,9000,广州-海珠区,合资,五险一金 带薪年假 客村地铁附近 周末双休 绩效奖金 年终奖金 员工旅游,2年经验 大专 招2人,500-1000人
总账会计,广州注释服饰有限公司,6000,广州-番禺区,民营公司,专业培训,5-7年经验 中专 招1人,50-150人
Management Trainee,广州官洲物业管理有限公司,6500,广州-海珠区,国企,,招若干人,50-150人
财务共享服务中心-财务经理,雅居乐集团控股有限公司,20833,广州-番禺区,上市公司,五险一金 餐饮补贴 绩效奖金 年终奖金 周末双休 企业文化好,5-7年经验 本科 招1人,10000人以上
财税顾问（中级证）,正誉财税顾问（广州）有限公司,9500,广州-荔湾区,民营公司,五险一金 出国机会 交通补贴 年终奖金 股票期权 通讯补贴 绩效奖金 员工旅游,5-7年经验 大专 招1人,150-500人
税务主管（控股财务）,海伦堡中国控股,14583,广州-番禺区,民营公司,,3-4年经验 本科 招1人,5000-10000人
财务主管（农业）,丰乐集团,7500,广州-增城区,民营公司,提供食宿 专业培训 餐饮补贴 五险一金 通讯补贴 高温补贴 带薪年假,3-4年经验 大专 招1人,500-1000人
总账会计（高薪诚聘）,广州丰天化工有限公司,12500,广州-越秀区,民营公司,周末双休 五险一金 节日福利 带薪年假 加班补贴 年终奖金 员工旅游 定期体检,8-9年经验 本科 招1人,50-150人
税务筹划经理,Guangzhou Andala Co.ltd.,22500,广州,外资（欧美）,五险一金 餐饮补贴 专业培训 出国机会 绩效奖金 年终奖金,5-7年经验 本科 招1人,500-1000人
高级税务事务主任-风险管理(注册税务师优先),Guangzhou Andala Co.ltd.,17500,广州,外资（欧美）,五险一金 餐饮补贴 专业培训 出国机会 绩效奖金 年终奖金,3-4年经验 本科 招1人,500-1000人
财税公司会计/主管,广州团博财务咨询有限公司,7000,广州-天河区,民营公司,周末双休 专业培训 餐饮补贴 社保 节日福利 带薪年假,2年经验 大专 招3人,少于50人
财务主管（红牛）,北京普盛食品销售有限公司,9000,广州-天河区,民营公司,,3-4年经验 本科 招1人,1000-5000人
税务经理,广州市为众控股有限公司,10000,广州-增城区,民营公司,五险一金 绩效奖金 节日福利 提供吃住,3-4年经验 招1人,1000-5000人
内审经理,绿地香港控股有限公司,12500,广州-白云区,合资,,5-7年经验 本科 招1人,150-500人
会计主管/经理,绿地香港控股有限公司,14583,广州-白云区,合资,,5-7年经验 本科 招1人,150-500人
税务经理G00365,森大集团,30000,广州-天河区,民营公司,带薪年假 五险一金 绩效奖金 全勤奖 节日福利 通讯补贴 专业培训 出国机会,5-7年经验 本科 招1人,10000人以上
Finance Manager-Tax,屈臣氏个人用品商店有限公司,21500,广州-越秀区,外资（非欧美）,周末双休 大平台 牛人多 氛围好 五险一金 补充医疗保险,8-9年经验 本科 招1人,10000人以上
财务部长（润恒汇民）,润恒投资控股集团有限公司,16500,广州-南沙区,民营公司,五险一金 餐饮补贴 通讯补贴 专业培训 绩效奖金 年终奖金 定期体检,8-9年经验 本科 招1人,500-1000人
会计（税务）,蕴特国际化妆品有限公司,5500,广州-越秀区,民营公司,五险意外险 员工旅游 专业培训 出国机会 绩效奖金 年终奖金 晋升机会,3-4年经验 大专 招1人,150-500人
财务会计人员,广州德雅装饰材料有限公司,5750,广州-天河区,民营公司,周末双休 带薪年假 五险一金 绩效奖金 节日福利,1年经验 大专 招2人,少于50人
财务经理,鑫亚集团股份有限公司,12500,广州,民营公司,五险一金 专业培训 绩效奖金 周末双休,8-9年经验 大专 招1人,150-500人
项目财务副经理（中梁地产办公）,广东省恒哲投资集团有限公司,11500,广州-番禺区,民营公司,五险一金 交通补贴 餐饮补贴 绩效奖金 年终奖金 弹性工作 专业培训 员工旅游 通讯补贴,3-4年经验 本科 招1人,150-500人
高级财务经理,广东省恒哲投资集团有限公司,16000,广州,民营公司,五险一金 专业培训 绩效奖金 年终奖金,3-4年经验 本科 招1人,150-500人
财务经理,广州启维科技技术有限公司,16000,广州-白云区,民营公司,,8-9年经验 大专 招1人,50-150人
财税经理（集团急聘）,正誉财税顾问（广州）有限公司,11500,广州-荔湾区,民营公司,五险一金 出国机会 交通补贴 年终奖金 股票期权 通讯补贴 绩效奖金 员工旅游,5-7年经验 大专 招1人,150-500人
财务专员,广州翰德源善医药科技有限公司,6000,广州-天河区,民营公司,绩效奖金 专业培训 交通补贴 医疗保险 通讯补贴 周末双休 差旅报销 五险一金,在校生/应届生 本科 招2人,50-150人
财税顾问（珠海）,正誉企业管理(广东)集团股份有限公司,7500,异地招聘,民营公司,员工旅游 绩效奖金 年终奖金 周末双休 带薪年假 全勤奖 节日福利 专业培训 高温补贴 通讯补贴,5-7年经验 大专 招1人,150-500人
税务主管/经理,广东鼎龙实业集团有限公司,17500,广州-天河区,民营公司,五险一金 专业培训 团建活动 绩效奖金,5-7年经验 本科 招1人,1000-5000人
财务专员,中国轻工业广州工程有限公司,9000,广州-番禺区,国企,周末双休 五险一金 免费班车 带薪年假 餐饮补贴 节日福利 补充医疗保险 定期体检,3-4年经验 本科 招1人,150-500人
会计,广东宇丰建投控股集团有限公司,3500,广州-天河区,民营公司,周末双休 五险一金 住房补贴 交通补贴 带薪年假 年终奖金 包吃 定期体检,3-4年经验 大专 招1人,50-150人
资深财税顾问专家,正誉财税顾问（广州）有限公司,11000,广州-荔湾区,民营公司,五险一金 出国机会 交通补贴 年终奖金 股票期权 通讯补贴 绩效奖金 员工旅游,5-7年经验 大专 招1人,150-500人
税务经理,兰雀国际控股有限公司,15000,广州-天河区,民营公司,,3-4年经验 本科 招1人,150-500人
财税专家顾问（急聘）,正誉企业管理(广东)集团股份有限公司,11000,广州-荔湾区,民营公司,员工旅游 绩效奖金 年终奖金 周末双休 带薪年假 全勤奖 节日福利 专业培训 高温补贴 通讯补贴,5-7年经验 大专 招1人,150-500人
资深财税顾问,正誉财税顾问（广州）有限公司,9000,广州-荔湾区,民营公司,五险一金 出国机会 交通补贴 年终奖金 股票期权 通讯补贴 绩效奖金 员工旅游,5-7年经验 大专 招1人,150-500人
资深财税顾问（双休）,正誉财税顾问（广州）有限公司,9000,广州-荔湾区,民营公司,周末双休 带薪年假 节日福利 五险 全勤奖 专业培训,5-7年经验 大专 招1人,150-500人
财务会计专员,星空文化传媒（广州）股份有限公司,6000,广州-天河区,民营公司,五险一金 补充医疗保险 员工旅游 年终奖金 绩效奖金 专业培训 团队聚餐 通讯补贴 节日福利 出国机会,2年经验 大专 招2人,150-500人
财务经理,罗浮宫家居艺术中心,20833,广州,民营公司,做五休二 包吃 带薪年假 专业培训 节日福利,5-7年经验 本科 招1人,500-1000人
税务专员,广州逸仙电子商务有限公司,7500,广州-海珠区,合资,五险一金 优厚绩效 工作前景好 大小周,1年经验 本科 招若干人,1000-5000人
高级税务经理,广州逸仙电子商务有限公司,27500,广州-海珠区,合资,绩效奖金高 五险一金 大小周 员工旅游 年底双薪 带薪年假 节日福利,5-7年经验 本科 招1人,1000-5000人
资深财税顾问（集团总部+双休+五险一金）,正誉企业管理(广东)集团股份有限公司,12500,广州-荔湾区,民营公司,员工旅游 绩效奖金 年终奖金 周末双休 专业培训 出国机会 节日福利 带薪年假,8-9年经验 大专 招若干人,150-500人
高级架构师（财会）,广发银行股份有限公司,17500,异地招聘,国企,六险二金 定期体检 年终奖金 带薪年假 周末双休,5-7年经验 本科 招1人,500-1000人
产品经理（财会）,广发银行股份有限公司,17500,异地招聘,国企,六险二金 定期体检 年终奖金 带薪年假 周末双休,3-4年经验 本科 招1人,500-1000人
见习财税顾问（双休）,正誉财税顾问（广州）有限公司,3500,广州-荔湾区,民营公司,周末双休 带薪年假 绩效奖金 节日福利 五险 全勤奖,无需经验 大专 招1人,150-500人
税务师,广州棒谷科技股份有限公司,12500,广州-白云区,民营公司,五险一金 免费班车 绩效奖金 全勤奖,2年经验 本科 招若干人,5000-10000人
应收会计(009824),敏实集团,5250,异地招聘,外资（欧美）,五险一金 补充医疗保险 免费班车 员工旅游 专业培训 年终奖金 定期体检 餐饮补贴 交通补贴 通讯补贴,3-4年经验 大专 招1人,10000人以上
财务经理,广东鼎龙实业集团有限公司,1750,广州-天河区,民营公司,五险一金 通讯补贴 绩效奖金 年终奖金,5-7年经验 大专 招1人,1000-5000人
财务常务副总经理,中泰集团,58333,广州,民营公司,五险一金 定期体检 年终奖金 周末双休 带薪年假 带薪病假 员工福利 补充医疗险等,10年以上经验 本科 招1人,500-1000人
财务经理/专员,广州翰德源善医药科技有限公司,3750,广州-天河区,民营公司,专业培训 弹性工作 员工社保 员工旅游 绩效奖金,1年经验 本科 招1人,50-150人
